id istituto,nome istituto,tasso di affollamento,indirizzo,tipo istituto,posti regolamentari,posti non disponibili,posti disponibili,totale detenuti,dati aggiornati al,polizia penitenziaria - previsti,polizia penitenziaria - effettivi,personale polizia penitenziaria aggiornato al,amministrativi - effettivi,amministrativi - previsti,personale amministrativo aggiornato al,numero complessivo,numero non disponibili,doccia,bidet,portatori di handicap,servizi igienici con porta,accensione luce autonoma,prese elettriche,data di aggiornamento spazi detentivi,latitudine,longitude,scheda istituto,stanze_disponibili,detenuti_stanza,polizia_pers,doccia_pers,bidet_pers,servizi_pers,luci_pers,prese_pers
MII152284,Genova Marassi,130.0,Piazzale Marassi n.2 - 16139 Genova,Casa circondariale,535.0,4.0,531.0,690.0,2026-09-12,386.0,319.0,2026-08-31,31.0,36.0,2026-08-31,213.0,2.0,128.0,175.0,3.0,213.0,100.0,0.0,2026-09-12,44.4179134,8.9511004,"<a href=""https://www.giustizia.it/giustizia/page/it/dettaglio_scheda_istituto_penitenziario?s=MII152284"">Vai alla scheda istituto</a>",211.0,3.27,0.46,5.39,3.94,3.24,6.9,
MII157783,Alba,83.0,Loc.Toppino - Via Vivaro n. 14 - 12051 Alba,Casa di reclusione - Giuseppe Montalto,138.0,90.0,48.0,40.0,2026-09-12,107.0,86.0,2026-08-31,13.0,14.0,2026-08-31,112.0,87.0,22.0,112.0,1.0,112.0,22.0,22.0,2026-09-12,44.691542,8.025636,"<a href=""https://www.giustizia.it/giustizia/page/it/dettaglio_scheda_istituto_penitenziario?s=MII157783"">Vai alla scheda istituto</a>",25.0,1.6,2.15,1.82,0.36,0.36,1.82,1.82
MII158895,Milano San Vittore,226.0,Piazza Filangieri n.2 - 20123 Milano,Casa circondariale - Francesco Di Cataldo,702.0,218.0,484.0,1095.0,2026-09-12,858.0,582.0,2026-08-31,37.0,45.0,2026-08-31,492.0,166.0,272.0,184.0,0.0,327.0,325.0,325.0,2026-09-12,45.4615979,9.16639949,"<a href=""https://www.giustizia.it/giustizia/page/it/dettaglio_scheda_istituto_penitenziario?s=MII158895"">Vai alla scheda istituto</a>",326.0,3.36,0.53,4.03,5.95,3.35,3.37,3.37
MII158901,Belluno,133.0,Via Baldenich n.11 - 32100 Belluno,Casa circondariale,86.0,4.0,82.0,109.0,2026-09-12,94.0,76.0,2026-08-31,12.0,14.0,2026-08-31,48.0,4.0,24.0,24.0,0.0,48.0,44.0,44.0,2026-09-12,46.1397378,12.2192968,"<a href=""https://www.giustizia.it/giustizia/page/it/dettaglio_scheda_istituto_penitenziario?s=MII158901"">Vai alla scheda istituto</a>",44.0,2.48,0.7,4.54,4.54,2.27,2.48,2.48
MII158910,Agrigento,148.0,Piazza Di Lorenzo n. 1 -  92100 Agrigento,Casa circondariale - Pasquale Di Lorenzo,283.0,19.0,264.0,390.0,2026-09-12,241.0,202.0,2026-08-31,18.0,23.0,2026-08-31,247.0,18.0,192.0,42.0,0.0,247.0,228.0,0.0,2026-09-12,37.31942185,13.61739575,"<a href=""https://www.giustizia.it/giustizia/page/it/dettaglio_scheda_istituto_penitenziario?s=MII158910"">Vai alla scheda istituto</a>",229.0,1.7,0.52,2.03,9.29,1.58,1.71,
MII158919,"Alessandria Cantiello, Gaeta",109.0,Piazza Don Soria n. 13 - 15121 Alessandria,Casa circondariale,233.0,0.0,233.0,255.0,2026-09-12,157.0,129.0,2026-08-31,9.0,34.0,2026-08-31,75.0,0.0,5.0,74.0,0.0,75.0,75.0,0.0,2026-09-12,44.9129225,8.615321,"<a href=""https://www.giustizia.it/giustizia/page/it/dettaglio_scheda_istituto_penitenziario?s=MII158919"">Vai alla scheda istituto</a>",75.0,3.4,0.51,51.0,3.45,3.4,3.4,
MII158924,Alessandria San Michele,74.0,Strada Statale per Casale n.50/A - 15121 Alessandria,Casa di reclusione,269.0,216.0,53.0,39.0,2026-09-12,210.0,159.0,2026-08-31,17.0,0.0,2026-08-31,245.0,216.0,7.0,67.0,0.0,245.0,245.0,245.0,2026-09-12,44.9129225,8.615321,"<a href=""https://www.giustizia.it/giustizia/page/it/dettaglio_scheda_istituto_penitenziario?s=MII158924"">Vai alla scheda istituto</a>",29.0,1.34,4.08,5.57,0.58,0.16,0.16,0.16
MII158935,Alghero,101.0,Via Vittorio Emanuele n.28 - 07041 Alghero,Casa di reclusione - Giuseppe Tomasiello,156.0,0.0,156.0,157.0,2026-09-12,86.0,70.0,2026-08-31,12.0,16.0,2026-08-31,62.0,0.0,62.0,0.0,0.0,62.0,62.0,62.0,2026-09-12,40.5600205,8.3151473,"<a href=""https://www.giustizia.it/giustizia/page/it/dettaglio_scheda_istituto_penitenziario?s=MII158935"">Vai alla scheda istituto</a>",62.0,2.53,0.45,2.53,,2.53,2.53,2.53
MII158941,Ancona Montacuto,136.0,Via Montecavallo di Montacuto n.73/a - 60129 Ancona,Casa circondariale,256.0,0.0,256.0,349.0,2026-09-12,195.0,154.0,2026-08-31,22.0,31.0,2026-08-31,111.0,0.0,102.0,98.0,3.0,111.0,101.0,101.0,2026-09-12,43.61934,13.52788,"<a href=""https://www.giustizia.it/giustizia/page/it/dettaglio_scheda_istituto_penitenziario?s=MII158941"">Vai alla scheda istituto</a>",111.0,3.14,0.44,3.42,3.56,3.14,3.46,3.46
MII158944,Ancona Barcaglione,78.0,Via Colle Ameno n.25 - 60126 Ancona,Casa di reclusione,100.0,0.0,100.0,78.0,2026-09-12,60.0,52.0,2026-08-31,7.0,0.0,2026-08-31,98.0,0.0,24.0,0.0,0.0,98.0,98.0,98.0,2026-09-12,43.61336,13.44018,"<a href=""https://www.giustizia.it/giustizia/page/it/dettaglio_scheda_istituto_penitenziario?s=MII158944"">Vai alla scheda istituto</a>",98.0,0.8,0.67,3.25,,0.8,0.8,0.8
MII158945,Arbus,94.0,Localit&agrave; Bau  -  09031 Arbus,Casa di reclusione - località Is Arenas,176.0,50.0,126.0,118.0,2026-09-12,86.0,88.0,2026-08-31,13.0,20.0,2026-08-31,40.0,10.0,40.0,0.0,0.0,40.0,40.0,40.0,2026-09-12,39.4987508,8.47964289,"<a href=""https://www.giustizia.it/giustizia/page/it/dettaglio_scheda_istituto_penitenziario?s=MII158945"">Vai alla scheda istituto</a>",30.0,3.93,0.75,2.95,,2.95,2.95,2.95
MII158948,Arezzo,182.0,Via Garibaldi n.259 - 52100 Arezzo,Casa circondariale,108.0,86.0,22.0,40.0,2026-09-12,46.0,43.0,2026-08-31,12.0,15.0,2026-08-31,57.0,39.0,9.0,3.0,1.0,56.0,57.0,54.0,2026-09-12,43.4628957,11.8781675,"<a href=""https://www.giustizia.it/giustizia/page/it/dettaglio_scheda_istituto_penitenziario?s=MII158948"">Vai alla scheda istituto</a>",18.0,2.22,1.08,4.44,13.33,0.71,0.7,0.74
MII159053,Ariano Irpino,149.0,Via Grignano n. 60 - 83031 Ariano Irpino,Casa circondariale - Pasquale Campanello,263.0,47.0,216.0,321.0,2026-09-12,165.0,155.0,2026-08-31,13.0,21.0,2026-08-31,133.0,24.0,121.0,64.0,4.0,133.0,81.0,125.0,2026-09-12,41.1280699,15.08169876,"<a href=""https://www.giustizia.it/giustizia/page/it/dettaglio_scheda_istituto_penitenziario?s=MII159053"">Vai alla scheda istituto</a>",109.0,2.94,0.48,2.65,5.02,2.41,3.96,2.57
MII159060,Arienzo,150.0,Via Nazionale Appia Km 230+600 n.7 - 81021 Arienzo,Casa di reclusione - Gennaro De Angelis,58.0,0.0,58.0,87.0,2026-09-12,43.0,52.0,2026-08-31,14.0,13.0,2026-08-31,53.0,0.0,53.0,53.0,0.0,53.0,53.0,53.0,2026-09-12,41.0242566,14.4970522,"<a href=""https://www.giustizia.it/giustizia/page/it/dettaglio_scheda_istituto_penitenziario?s=MII159060"">Vai alla scheda istituto</a>",53.0,1.64,0.6,1.64,1.64,1.64,1.64,1.64
MII159065,Ascoli Piceno,151.0,Via dei meli n.218 - 63100 Ascoli Piceno,Casa circondariale,103.0,0.0,103.0,156.0,2026-09-12,169.0,156.0,2026-08-31,14.0,16.0,2026-08-31,65.0,0.0,19.0,59.0,0.0,63.0,4.0,13.0,2026-09-12,42.8546185,13.5755038,"<a href=""https://www.giustizia.it/giustizia/page/it/dettaglio_scheda_istituto_penitenziario?s=MII159065"">Vai alla scheda istituto</a>",65.0,2.4,1.0,8.21,2.64,2.48,39.0,12.0
MII159069,Asti,140.0,Frazione Quarto Inferiore n. 266 14100 Asti,Casa di reclusione,205.0,4.0,201.0,281.0,2026-09-12,192.0,168.0,2026-08-31,14.0,22.0,2026-08-31,190.0,4.0,0.0,190.0,0.0,190.0,179.0,190.0,2026-09-12,44.900542,8.2068876,"<a href=""https://www.giustizia.it/giustizia/page/it/dettaglio_scheda_istituto_penitenziario?s=MII159069"">Vai alla scheda istituto</a>",186.0,1.51,0.6,,1.48,1.48,1.57,1.48
MII159314,Augusta,179.0,Contrada Piano Ippolito n.1 - 96011 Augusta,Casa di reclusione,364.0,97.0,267.0,479.0,2026-09-12,224.0,203.0,2026-08-31,24.0,29.0,2026-08-31,339.0,97.0,75.0,0.0,3.0,339.0,25.0,339.0,2026-09-12,37.2369363,15.2196575,"<a href=""https://www.giustizia.it/giustizia/page/it/dettaglio_scheda_istituto_penitenziario?s=MII159314"">Vai alla scheda istituto</a>",242.0,1.98,0.42,6.39,,1.41,19.16,1.41
MII160204,Benevento,157.0,Via Ermete Novelli n.11 -  82100 Benevento,Casa circondariale - Michele Gaglione,259.0,28.0,231.0,362.0,2026-09-12,253.0,226.0,2026-08-31,28.0,23.0,2026-08-31,230.0,25.0,230.0,0.0,0.0,230.0,1.0,230.0,2026-09-12,41.1295587,14.7824639,"<a href=""https://www.giustizia.it/giustizia/page/it/dettaglio_scheda_istituto_penitenziario?s=MII160204"">Vai alla scheda istituto</a>",205.0,1.77,0.62,1.57,,1.57,362.0,1.57
MII169535,Rieti,181.0,Via Maestri del lavoro n.2 - 02100 Rieti,Casa circondariale - Nuovo Complesso,295.0,6.0,289.0,523.0,2026-09-12,185.0,175.0,2026-08-31,22.0,23.0,2026-08-31,157.0,3.0,157.0,157.0,0.0,157.0,157.0,157.0,2026-09-12,42.4016906,12.8629993,"<a href=""https://www.giustizia.it/giustizia/page/it/dettaglio_scheda_istituto_penitenziario?s=MII169535"">Vai alla scheda istituto</a>",154.0,3.4,0.33,3.33,3.33,3.33,3.33,3.33
MII172011,Avellino,144.0,Frazione Bellizzi Irpino - Contrada Sant'Oronzo n.1 -  83100 Avellino,Casa circondariale - Antimo Graziano Bellizzi,503.0,29.0,474.0,681.0,2026-09-12,318.0,315.0,2026-08-31,27.0,35.0,2026-08-31,211.0,14.0,187.0,91.0,3.0,209.0,124.0,125.0,2026-09-12,40.9141958,14.7888764,"<a href=""https://www.giustizia.it/giustizia/page/it/dettaglio_scheda_istituto_penitenziario?s=MII172011"">Vai alla scheda istituto</a>",197.0,3.46,0.46,3.64,7.48,3.26,5.49,5.45
MII172187,Aversa,132.0,Via San Francesco da Paola n.2 - 81031 Aversa,Casa di reclusione - Filippo Saporito,234.0,0.0,234.0,308.0,2026-09-12,105.0,106.0,2026-08-31,29.0,25.0,2026-08-31,84.0,0.0,82.0,65.0,2.0,84.0,41.0,28.0,2026-09-12,40.973212,14.204928,"<a href=""https://www.giustizia.it/giustizia/page/it/dettaglio_scheda_istituto_penitenziario?s=MII172187"">Vai alla scheda istituto</a>",84.0,3.67,0.34,3.76,4.74,3.67,7.51,11.0
MII172208,Civitavecchia Nuovo Complesso,185.0,"Via Aurelia nord km 79,500 n. snc - 00053 Civitavecchia",Casa circondariale,358.0,11.0,347.0,642.0,2026-09-12,294.0,287.0,2026-08-31,28.0,35.0,2026-08-31,333.0,9.0,50.0,145.0,0.0,333.0,332.0,325.0,2026-09-12,42.0937524,11.7922462,"<a href=""https://www.giustizia.it/giustizia/page/it/dettaglio_scheda_istituto_penitenziario?s=MII172208"">Vai alla scheda istituto</a>",324.0,1.98,0.45,12.84,4.43,1.93,1.93,1.98
MII172222,Barcellona Pozzo di Gotto,89.0,Via V. Madia n.31 - 98051 Barcellona Pozzo di Gotto,Casa circondariale - Vittorio Madia,387.0,147.0,240.0,213.0,2026-09-12,169.0,142.0,2026-08-31,25.0,26.0,2026-08-31,128.0,63.0,84.0,72.0,5.0,98.0,78.0,128.0,2026-09-12,38.15123,15.2278876,"<a href=""https://www.giustizia.it/giustizia/page/it/dettaglio_scheda_istituto_penitenziario?s=MII172222"">Vai alla scheda istituto</a>",65.0,3.28,0.67,2.54,2.96,2.17,2.73,1.66
MII172277,Altamura,200.0,Via dell'Uva Spina n.18 - 70022 Altamura,Casa di reclusione,52.0,3.0,49.0,98.0,2026-09-12,0.0,35.0,2026-08-31,5.0,7.0,2026-08-31,51.0,3.0,1.0,51.0,0.0,51.0,0.0,51.0,2026-09-12,40.8283631,16.5523505,"<a href=""https://www.giustizia.it/giustizia/page/it/dettaglio_scheda_istituto_penitenziario?s=MII172277"">Vai alla scheda istituto</a>",48.0,2.04,0.36,98.0,1.92,1.92,,1.92
MII172320,Busto Arsizio,206.0,Via per Cassano Magnago n.102 - 21052 Busto Arsizio,Casa circondariale,240.0,19.0,221.0,455.0,2026-09-12,217.0,170.0,2026-08-31,13.0,20.0,2026-08-31,177.0,14.0,154.0,170.0,0.0,177.0,177.0,176.0,2026-09-12,45.6119057,8.8520522,"<a href=""https://www.giustizia.it/giustizia/page/it/dettaglio_scheda_istituto_penitenziario?s=MII172320"">Vai alla scheda istituto</a>",163.0,2.79,0.37,2.95,2.68,2.57,2.57,2.59
MII172332,Biella,152.0,Viale dei Tigli n.14 - 13900 Biella,Casa circondariale,392.0,1.0,391.0,593.0,2026-09-12,229.0,184.0,2026-08-31,17.0,27.0,2026-08-31,257.0,1.0,69.0,194.0,4.0,257.0,257.0,69.0,2026-09-12,45.5664109,8.0542758,"<a href=""https://www.giustizia.it/giustizia/page/it/dettaglio_scheda_istituto_penitenziario?s=MII172332"">Vai alla scheda istituto</a>",256.0,2.32,0.31,8.59,3.06,2.31,2.31,8.59
MII172344,Bollate,128.0,Via Cristina Belgioioso n.120 20157 - Milano,Casa di reclusione - IIª casa,1267.0,0.0,1267.0,1619.0,2026-09-12,502.0,430.0,2026-08-31,39.0,55.0,2026-08-31,707.0,0.0,185.0,707.0,8.0,707.0,707.0,705.0,2026-09-12,45.543835,9.1177075,"<a href=""https://www.giustizia.it/giustizia/page/it/dettaglio_scheda_istituto_penitenziario?s=MII172344"">Vai alla scheda istituto</a>",707.0,2.29,0.27,8.75,2.29,2.29,2.29,2.3
MII172508,Bologna,177.0,Via del Gomito n. 2 - 40127 Bologna,Casa circondariale - Rocco D'Amato,505.0,50.0,455.0,805.0,2026-09-12,520.0,428.0,2026-08-31,24.0,35.0,2026-08-31,448.0,50.0,139.0,59.0,4.0,448.0,92.0,18.0,2026-09-12,44.4936714,11.3430347,"<a href=""https://www.giustizia.it/giustizia/page/it/dettaglio_scheda_istituto_penitenziario?s=MII172508"">Vai alla scheda istituto</a>",398.0,2.02,0.53,5.79,13.64,1.8,8.75,44.72
MII172580,Bolzano,120.0,Via Dante n. 28/a -  39100 Bolzano,Casa circondariale,88.0,0.0,88.0,106.0,2026-09-12,84.0,63.0,2026-08-31,9.0,20.0,2026-08-31,31.0,0.0,1.0,0.0,0.0,19.0,5.0,30.0,2026-09-12,46.49177448,11.34681702,"<a href=""https://www.giustizia.it/giustizia/page/it/dettaglio_scheda_istituto_penitenziario?s=MII172580"">Vai alla scheda istituto</a>",31.0,3.42,0.59,106.0,,5.58,21.2,3.53
MII172592,Brescia Canton Monbello,219.0,Via Spalto San Marco n 20 - 25121 Brescia,Casa circondariale - Nerio Fischione,182.0,0.0,182.0,399.0,2026-09-12,227.0,206.0,2026-08-31,23.0,30.0,2026-08-31,100.0,0.0,91.0,0.0,0.0,100.0,100.0,0.0,2026-09-12,45.5325399,10.2340676,"<a href=""https://www.giustizia.it/giustizia/page/it/dettaglio_scheda_istituto_penitenziario?s=MII172592"">Vai alla scheda istituto</a>",100.0,3.99,0.52,4.38,,3.99,3.99,
MII172610,Brescia Verziano,170.0,Via Flero n.157 - 25124 Brescia,Casa di reclusione,71.0,0.0,71.0,121.0,2026-09-12,95.0,75.0,2026-08-31,0.0,0.0,2026-08-31,71.0,0.0,71.0,0.0,0.0,71.0,10.0,71.0,2026-09-12,45.4996058,10.18776766,"<a href=""https://www.giustizia.it/giustizia/page/it/dettaglio_scheda_istituto_penitenziario?s=MII172610"">Vai alla scheda istituto</a>",71.0,1.7,0.62,1.7,,1.7,12.1,1.7
MII172623,Brindisi,182.0,Via Appia n.131 - 72100 Brindisi,Casa circondariale,152.0,1.0,151.0,275.0,2026-09-12,141.0,131.0,2026-08-31,19.0,18.0,2026-08-31,72.0,1.0,62.0,26.0,2.0,72.0,72.0,72.0,2026-09-12,40.6395295,17.945526,"<a href=""https://www.giustizia.it/giustizia/page/it/dettaglio_scheda_istituto_penitenziario?s=MII172623"">Vai alla scheda istituto</a>",71.0,3.87,0.48,4.44,10.58,3.82,3.82,3.82
MII172814,Brissogne - Aosta,90.0,"Loc. Les Iles, 14 n.14  - 761900 Brissogne",Casa circondariale,181.0,11.0,170.0,153.0,2026-09-12,149.0,118.0,2026-08-31,7.0,15.0,2026-08-31,167.0,11.0,48.0,23.0,0.0,167.0,161.0,167.0,2026-09-12,45.7285199,7.4066634,"<a href=""https://www.giustizia.it/giustizia/page/it/dettaglio_scheda_istituto_penitenziario?s=MII172814"">Vai alla scheda istituto</a>",156.0,0.98,0.77,3.19,6.65,0.92,0.95,0.92
MII172827,Bergamo,192.0,via Monte Gleno n.61 - 24125 Bergamo,Casa circondariale,319.0,0.0,319.0,612.0,2026-09-12,243.0,206.0,2026-08-31,16.0,23.0,2026-08-31,192.0,0.0,113.0,53.0,2.0,192.0,192.0,192.0,2026-09-12,45.7566557,9.7542192,"<a href=""https://www.giustizia.it/giustizia/page/it/dettaglio_scheda_istituto_penitenziario?s=MII172827"">Vai alla scheda istituto</a>",192.0,3.19,0.34,5.42,11.55,3.19,3.19,3.19
MII172835,Cagliari Uta,132.0,Zona industriale Macchiareddu 2&deg; strada ovest Uta n.0 - 09010 Cagliari,Casa circondariale - Ettore Scalas,652.0,2.0,650.0,861.0,2026-09-12,438.0,330.0,2026-08-31,38.0,41.0,2026-08-31,373.0,1.0,369.0,23.0,27.0,373.0,373.0,373.0,2026-09-12,39.1694193,8.93944903,"<a href=""https://www.giustizia.it/giustizia/page/it/dettaglio_scheda_istituto_penitenziario?s=MII172835"">Vai alla scheda istituto</a>",372.0,2.31,0.38,2.33,37.43,2.31,2.31,2.31
MII173006,Caltagirone,125.0,Contrada Noce San Nicola le Canne s.n.c. n. 00 -  95041 Caltagirone,Casa circondariale,541.0,187.0,354.0,443.0,2026-09-12,226.0,183.0,2026-08-31,21.0,24.0,2026-08-31,215.0,91.0,186.0,70.0,0.0,215.0,215.0,195.0,2026-09-12,37.2372009,14.5132023,"<a href=""https://www.giustizia.it/giustizia/page/it/dettaglio_scheda_istituto_penitenziario?s=MII173006"">Vai alla scheda istituto</a>",124.0,3.57,0.41,2.38,6.33,2.06,2.06,2.27
MII173063,Caltanissetta,142.0,Via Messina n. 94 - 93100 Caltanissetta,Casa circondariale,183.0,0.0,183.0,260.0,2026-09-12,154.0,132.0,2026-08-31,21.0,20.0,2026-08-31,111.0,0.0,108.0,103.0,2.0,111.0,110.0,108.0,2026-09-12,37.49438296522256,14.05615604195194,"<a href=""https://www.giustizia.it/giustizia/page/it/dettaglio_scheda_istituto_penitenziario?s=MII173063"">Vai alla scheda istituto</a>",111.0,2.34,0.51,2.41,2.52,2.34,2.36,2.41
MII173088,Campobasso,173.0,Via Cavour n. 52 - 86100 Campobasso,Casa circondariale,106.0,2.0,104.0,180.0,2026-09-12,112.0,96.0,2026-08-31,12.0,14.0,2026-08-31,73.0,2.0,47.0,60.0,1.0,73.0,73.0,73.0,2026-09-12,41.555686,14.66172195,"<a href=""https://www.giustizia.it/giustizia/page/it/dettaglio_scheda_istituto_penitenziario?s=MII173088"">Vai alla scheda istituto</a>",71.0,2.54,0.53,3.83,3.0,2.47,2.47,2.47
MII173101,Carinola,124.0,Via provinciale San Biagio n.6 - 81030 CARINOLA,Casa di reclusione - Gian Battista Novelli,565.0,110.0,455.0,566.0,2026-09-12,179.0,175.0,2026-08-31,26.0,29.0,2026-08-31,282.0,74.0,142.0,140.0,6.0,166.0,281.0,140.0,2026-09-12,41.186987,13.9812129,"<a href=""https://www.giustizia.it/giustizia/page/it/dettaglio_scheda_istituto_penitenziario?s=MII173101"">Vai alla scheda istituto</a>",208.0,2.72,0.31,3.99,4.04,3.41,2.01,4.04
MII173114,Cassino,179.0,Via Sferracavalli n 3 - 03043 Cassino,Casa circondariale,200.0,110.0,90.0,161.0,2026-09-12,142.0,123.0,2026-08-31,19.0,18.0,2026-08-31,118.0,83.0,22.0,108.0,0.0,118.0,118.0,118.0,2026-09-12,41.4925576,13.8305297,"<a href=""https://www.giustizia.it/giustizia/page/it/dettaglio_scheda_istituto_penitenziario?s=MII173114"">Vai alla scheda istituto</a>",35.0,4.6,0.76,7.32,1.49,1.36,1.36,1.36
MII173237,Castelfranco Emilia,66.0,Via Forte Urbano n.1 - 41013 Castelfranco Emilia,Casa di reclusione,191.0,42.0,149.0,99.0,2026-09-12,70.0,56.0,2026-08-31,13.0,16.0,2026-08-31,57.0,12.0,45.0,34.0,2.0,57.0,57.0,45.0,2026-09-12,44.5950245,11.0529006,"<a href=""https://www.giustizia.it/giustizia/page/it/dettaglio_scheda_istituto_penitenziario?s=MII173237"">Vai alla scheda istituto</a>",45.0,2.2,0.57,2.2,2.91,1.74,1.74,2.2
MII173259,Castelvetrano,166.0,Contrada Strasatto n. snc - 91022 Castelvetrano,Casa circondariale,44.0,0.0,44.0,73.0,2026-09-12,55.0,50.0,2026-08-31,12.0,12.0,2026-08-31,40.0,0.0,25.0,0.0,0.0,40.0,2.0,2.0,2026-09-12,37.6828513,12.7955336,"<a href=""https://www.giustizia.it/giustizia/page/it/dettaglio_scheda_istituto_penitenziario?s=MII173259"">Vai alla scheda istituto</a>",40.0,1.82,0.68,2.92,,1.82,36.5,36.5
MII173265,Castrovillari,170.0,Via Sergio Cosmai n 1 - 87012 Castrovillari,Casa circondariale - Rosa Sisca,122.0,52.0,70.0,119.0,2026-09-12,124.0,103.0,2026-08-31,17.0,15.0,2026-08-31,120.0,52.0,2.0,20.0,0.0,120.0,120.0,1.0,2026-09-12,39.83602485,16.2210616,"<a href=""https://www.giustizia.it/giustizia/page/it/dettaglio_scheda_istituto_penitenziario?s=MII173265"">Vai alla scheda istituto</a>",68.0,1.75,0.87,59.5,5.95,0.99,0.99,119.0
MII173285,Catania Bicocca,145.0,Tangenziale Ovest km 8 n. s.n.c. - 95030 Catania,Casa circondariale,136.0,4.0,132.0,191.0,2026-09-12,276.0,196.0,2026-08-31,17.0,19.0,2026-08-31,127.0,4.0,123.0,0.0,0.0,127.0,0.0,0.0,2026-09-12,37.50570535,14.94420233,"<a href=""https://www.giustizia.it/giustizia/page/it/dettaglio_scheda_istituto_penitenziario?s=MII173285"">Vai alla scheda istituto</a>",123.0,1.55,1.03,1.55,,1.5,,
MII173301,Catania Piazza Lanza,170.0,Piazza Vincenzo Lanza n.11 - 95100 Catania,Casa circondariale,279.0,0.0,279.0,474.0,2026-09-12,268.0,270.0,2026-08-31,27.0,25.0,2026-08-31,106.0,0.0,94.0,35.0,2.0,106.0,51.0,106.0,2026-09-12,37.50570535,14.94420233,"<a href=""https://www.giustizia.it/giustizia/page/it/dettaglio_scheda_istituto_penitenziario?s=MII173301"">Vai alla scheda istituto</a>",106.0,4.47,0.57,5.04,13.54,4.47,9.29,4.47
MII173311,Catanzaro,109.0,Via Tre Fontane n.28 - 88100 Catanzaro,Casa circondariale - Ugo Caridi,682.0,25.0,657.0,715.0,2026-09-12,470.0,386.0,2026-08-31,32.0,38.0,2026-08-31,392.0,23.0,208.0,23.0,22.0,391.0,208.0,392.0,2026-09-12,38.9076353,16.5960465,"<a href=""https://www.giustizia.it/giustizia/page/it/dettaglio_scheda_istituto_penitenziario?s=MII173311"">Vai alla scheda istituto</a>",369.0,1.94,0.54,3.44,31.09,1.83,3.44,1.82
MII173324,Crotone,146.0,Localit&agrave; Passovecchio n.1 - 88900 Crotone,Casa circondariale,99.0,36.0,63.0,92.0,2026-09-12,85.0,63.0,2026-08-31,12.0,18.0,2026-08-31,33.0,12.0,33.0,0.0,2.0,33.0,33.0,33.0,2026-09-12,39.0806223,17.127196,"<a href=""https://www.giustizia.it/giustizia/page/it/dettaglio_scheda_istituto_penitenziario?s=MII173324"">Vai alla scheda istituto</a>",21.0,4.38,0.68,2.79,,2.79,2.79,2.79
MII173341,Cosenza,125.0,Viale Giacomo Mancini n.320 - 87100 Cosenza,Casa circondariale - Sergio Cosmai,220.0,0.0,220.0,274.0,2026-09-12,169.0,148.0,2026-08-31,25.0,20.0,2026-08-31,93.0,0.0,92.0,84.0,2.0,93.0,93.0,93.0,2026-09-12,39.3099931,16.2501929,"<a href=""https://www.giustizia.it/giustizia/page/it/dettaglio_scheda_istituto_penitenziario?s=MII173341"">Vai alla scheda istituto</a>",93.0,2.95,0.54,2.98,3.26,2.95,2.95,2.95
MII173356,Chiavari,125.0,Via al Gasometro n.2 - 16043 Chiavari,Casa di reclusione,52.0,0.0,52.0,65.0,2026-09-12,52.0,46.0,2026-08-31,9.0,13.0,2026-08-31,23.0,0.0,22.0,3.0,1.0,23.0,23.0,23.0,2026-09-12,44.3164494,9.3233382,"<a href=""https://www.giustizia.it/giustizia/page/it/dettaglio_scheda_istituto_penitenziario?s=MII173356"">Vai alla scheda istituto</a>",23.0,2.83,0.71,2.95,21.67,2.83,2.83,2.83
MII173364,Chieti,184.0,Via Ettore Ianni n.30 - 66100 Chieti,Casa circondariale,79.0,0.0,79.0,145.0,2026-09-12,86.0,87.0,2026-08-31,14.0,15.0,2026-08-31,33.0,0.0,33.0,7.0,1.0,33.0,32.0,4.0,2026-09-12,42.3446529,14.1659738,"<a href=""https://www.giustizia.it/giustizia/page/it/dettaglio_scheda_istituto_penitenziario?s=MII173364"">Vai alla scheda istituto</a>",33.0,4.39,0.6,4.39,20.71,4.39,4.53,36.25
MII173688,Civitavecchia Giuseppe Passerini,58.0,Via Tarquinia n. 20 - 00053 Civitavecchia,Casa di reclusione,172.0,28.0,144.0,83.0,2026-09-12,53.0,42.0,2026-08-31,5.0,0.0,2026-08-31,88.0,28.0,68.0,78.0,2.0,88.0,88.0,88.0,2026-09-12,42.0989856,11.78675481,"<a href=""https://www.giustizia.it/giustizia/page/it/dettaglio_scheda_istituto_penitenziario?s=MII173688"">Vai alla scheda istituto</a>",60.0,1.38,0.51,1.22,1.06,0.94,0.94,0.94
MII173712,Como,181.0,Via Bassone n.11 - 22100 Como,Casa circondariale,225.0,2.0,223.0,404.0,2026-09-12,236.0,203.0,2026-08-31,15.0,23.0,2026-08-31,200.0,2.0,55.0,178.0,1.0,200.0,4.0,4.0,2026-09-12,45.9394759,9.14941015,"<a href=""https://www.giustizia.it/giustizia/page/it/dettaglio_scheda_istituto_penitenziario?s=MII173712"">Vai alla scheda istituto</a>",198.0,2.04,0.5,7.35,2.27,2.02,101.0,101.0
MII173747,Cremona,164.0,Via Palosca n.2 - 26100 Cremona,Casa circondariale,394.0,10.0,384.0,630.0,2026-09-12,223.0,175.0,2026-08-31,15.0,23.0,2026-08-31,252.0,10.0,68.0,216.0,4.0,252.0,77.0,77.0,2026-09-12,45.1334796,10.0248716,"<a href=""https://www.giustizia.it/giustizia/page/it/dettaglio_scheda_istituto_penitenziario?s=MII173747"">Vai alla scheda istituto</a>",242.0,2.6,0.28,9.26,2.92,2.5,8.18,8.18
MII173764,Cuneo,102.0,Via Roncata n.75 - 12100 Cuneo,Casa circondariale,433.0,53.0,380.0,387.0,2026-09-12,223.0,170.0,2026-08-31,15.0,22.0,2026-08-31,218.0,49.0,191.0,1.0,6.0,218.0,193.0,193.0,2026-09-12,44.64319015,7.43645384,"<a href=""https://www.giustizia.it/giustizia/page/it/dettaglio_scheda_istituto_penitenziario?s=MII173764"">Vai alla scheda istituto</a>",169.0,2.29,0.44,2.03,387.0,1.78,2.01,2.01
MII173784,Eboli,69.0,Via Castello n.10 - 84025 Eboli,Casa di reclusione,54.0,0.0,54.0,37.0,2026-09-12,24.0,27.0,2026-08-31,13.0,14.0,2026-08-31,9.0,0.0,9.0,9.0,0.0,9.0,0.0,0.0,2026-09-12,40.6175146,15.0569438,"<a href=""https://www.giustizia.it/giustizia/page/it/dettaglio_scheda_istituto_penitenziario?s=MII173784"">Vai alla scheda istituto</a>",9.0,4.11,0.73,4.11,4.11,4.11,,
MII173813,Enna,145.0,Via Palermo n.20 - 94100 Enna,Casa circondariale - Luigi Bodenza,167.0,36.0,131.0,190.0,2026-09-12,113.0,94.0,2026-08-31,16.0,18.0,2026-08-31,79.0,16.0,39.0,0.0,2.0,79.0,78.0,78.0,2026-09-12,37.5667573,14.2807473,"<a href=""https://www.giustizia.it/giustizia/page/it/dettaglio_scheda_istituto_penitenziario?s=MII173813"">Vai alla scheda istituto</a>",63.0,3.02,0.49,4.87,,2.41,2.44,2.44
MII173994,Favignana,128.0,Via Aurelio Padovani n.1 - 91023 Favignana,Casa di reclusione - Giuseppe Barraco,89.0,6.0,83.0,106.0,2026-09-12,79.0,74.0,2026-08-31,13.0,14.0,2026-08-31,33.0,2.0,33.0,0.0,2.0,33.0,33.0,33.0,2026-09-12,37.9314505,12.3273647,"<a href=""https://www.giustizia.it/giustizia/page/it/dettaglio_scheda_istituto_penitenziario?s=MII173994"">Vai alla scheda istituto</a>",31.0,3.42,0.7,3.21,,3.21,3.21,3.21
MII174501,Fermo,163.0,Viale XX Giugno n.1/3 - 63900 Fermo,Casa di reclusione,43.0,0.0,43.0,70.0,2026-09-12,56.0,43.0,2026-08-31,14.0,15.0,2026-08-31,22.0,0.0,0.0,22.0,0.0,11.0,0.0,0.0,2026-09-12,43.0922489,13.63876807,"<a href=""https://www.giustizia.it/giustizia/page/it/dettaglio_scheda_istituto_penitenziario?s=MII174501"">Vai alla scheda istituto</a>",22.0,3.18,0.61,,3.18,6.36,,
MII174686,Ferrara,174.0,Via Arginone n.327 - 44122 Ferrara,Casa circondariale - Costantino Satta,243.0,0.0,243.0,423.0,2026-09-12,216.0,168.0,2026-08-31,13.0,19.0,2026-08-31,233.0,0.0,36.0,197.0,0.0,233.0,233.0,233.0,2026-09-12,44.8423466,11.5822881,"<a href=""https://www.giustizia.it/giustizia/page/it/dettaglio_scheda_istituto_penitenziario?s=MII174686"">Vai alla scheda istituto</a>",233.0,1.82,0.4,11.75,2.15,1.82,1.82,1.82
MII174720,Firenze Sollicciano,165.0,Via Girolamo Minervini n 2/R  - 50142 Firenze,Casa circondariale,494.0,225.0,269.0,445.0,2026-09-12,510.0,419.0,2026-08-31,26.0,34.0,2026-08-31,356.0,161.0,62.0,29.0,0.0,356.0,343.0,349.0,2026-09-12,43.76945125,11.17403045,"<a href=""https://www.giustizia.it/giustizia/page/it/dettaglio_scheda_istituto_penitenziario?s=MII174720"">Vai alla scheda istituto</a>",195.0,2.28,0.94,7.18,15.34,1.25,1.3,1.28
MII174825,Firenze Mario Gozzini,131.0,Via Girolamo Minervini n.5 - 50142 Firenze,Casa circondariale,89.0,15.0,74.0,97.0,2026-09-12,50.0,50.0,2026-08-31,15.0,16.0,2026-08-31,49.0,9.0,8.0,0.0,0.0,49.0,17.0,8.0,2026-09-12,43.7698712,11.2555757,"<a href=""https://www.giustizia.it/giustizia/page/it/dettaglio_scheda_istituto_penitenziario?s=MII174825"">Vai alla scheda istituto</a>",40.0,2.42,0.52,12.12,,1.98,5.71,12.12
MII176375,Foggia,225.0,Via delle Casermette n.22 - 71100 Foggia,Casa circondariale,364.0,57.0,307.0,691.0,2026-09-12,300.0,262.0,2026-08-31,23.0,29.0,2026-08-31,213.0,28.0,71.0,13.0,1.0,198.0,7.0,211.0,2026-09-12,41.50281055,15.45289961,"<a href=""https://www.giustizia.it/giustizia/page/it/dettaglio_scheda_istituto_penitenziario?s=MII176375"">Vai alla scheda istituto</a>",185.0,3.74,0.38,9.73,53.15,3.49,98.71,3.27
MII176403,Forlì,123.0,Via della Rocca n.4/6 - 47121 Forl&igrave;,Casa circondariale,144.0,12.0,132.0,162.0,2026-09-12,137.0,113.0,2026-08-31,15.0,18.0,2026-08-31,123.0,8.0,0.0,44.0,0.0,123.0,113.0,123.0,2026-09-12,44.2226017,12.0409384,"<a href=""https://www.giustizia.it/giustizia/page/it/dettaglio_scheda_istituto_penitenziario?s=MII176403"">Vai alla scheda istituto</a>",115.0,1.41,0.7,,3.68,1.32,1.43,1.32
MII176414,Fossano,93.0,Via S.Giovanni Bosco n.48 - 12045 Fossano,Casa di reclusione,136.0,0.0,136.0,127.0,2026-09-12,76.0,57.0,2026-08-31,9.0,16.0,2026-08-31,48.0,0.0,38.0,3.0,1.0,48.0,13.0,10.0,2026-09-12,44.5493489,7.7250155,"<a href=""https://www.giustizia.it/giustizia/page/it/dettaglio_scheda_istituto_penitenziario?s=MII176414"">Vai alla scheda istituto</a>",48.0,2.65,0.45,3.34,42.33,2.65,9.77,12.7
MII176424,Fossombrone,121.0,Viale Leopardi n.2 - 61034 Fossombrone,Casa di reclusione,156.0,0.0,156.0,188.0,2026-09-12,139.0,115.0,2026-08-31,12.0,18.0,2026-08-31,96.0,0.0,96.0,0.0,2.0,87.0,87.0,96.0,2026-09-12,43.68773585,12.8229332,"<a href=""https://www.giustizia.it/giustizia/page/it/dettaglio_scheda_istituto_penitenziario?s=MII176424"">Vai alla scheda istituto</a>",96.0,1.96,0.61,1.96,,2.16,2.16,1.96
MII176437,Frosinone,136.0,Via Cerreto n.55 - 03100  Frosinone,Casa circondariale - Giuseppe Pagliei,521.0,13.0,508.0,689.0,2026-09-12,326.0,286.0,2026-08-31,28.0,30.0,2026-08-31,336.0,9.0,84.0,332.0,4.0,336.0,336.0,72.0,2026-09-12,41.6419807,13.3469287,"<a href=""https://www.giustizia.it/giustizia/page/it/dettaglio_scheda_istituto_penitenziario?s=MII176437"">Vai alla scheda istituto</a>",327.0,2.11,0.42,8.2,2.08,2.05,2.05,9.57
MII176451,Gela,165.0,C.da Balate SS 117 bis n. snc - 93012 Gela,Casa circondariale,48.0,0.0,48.0,79.0,2026-09-12,52.0,47.0,2026-08-31,10.0,11.0,2026-08-31,48.0,0.0,48.0,48.0,0.0,48.0,1.0,46.0,2026-09-12,37.0664363,14.2502445,"<a href=""https://www.giustizia.it/giustizia/page/it/dettaglio_scheda_istituto_penitenziario?s=MII176451"">Vai alla scheda istituto</a>",48.0,1.65,0.59,1.65,1.65,1.65,79.0,1.72
MII176703,Genova Pontedecimo,167.0,Via Coni Zugna n.32 - 16100 Genova,Casa circondariale,96.0,0.0,96.0,160.0,2026-09-12,143.0,123.0,2026-08-31,11.0,16.0,2026-08-31,96.0,0.0,96.0,96.0,3.0,96.0,96.0,53.0,2026-09-12,44.49411925,8.90540935,"<a href=""https://www.giustizia.it/giustizia/page/it/dettaglio_scheda_istituto_penitenziario?s=MII176703"">Vai alla scheda istituto</a>",96.0,1.67,0.77,1.67,1.67,1.67,1.67,3.02
MII176714,Giarre,174.0,Via Foscolo n.67 - 95017 Giarre,Casa circondariale,58.0,15.0,43.0,75.0,2026-09-12,40.0,41.0,2026-08-31,13.0,12.0,2026-08-31,58.0,15.0,58.0,0.0,0.0,58.0,0.0,0.0,2026-09-12,37.726857,15.187688,"<a href=""https://www.giustizia.it/giustizia/page/it/dettaglio_scheda_istituto_penitenziario?s=MII176714"">Vai alla scheda istituto</a>",43.0,1.74,0.55,1.29,,1.29,,
MII176719,Gorizia,124.0,Via G. Barzellini n 8 - 34170 Gorizia,Casa circondariale - Angiolo Bigazzi,63.0,0.0,63.0,78.0,2026-09-12,58.0,49.0,2026-08-31,5.0,12.0,2026-08-31,19.0,0.0,19.0,18.0,0.0,19.0,19.0,19.0,2026-09-12,45.9441278,13.6252288,"<a href=""https://www.giustizia.it/giustizia/page/it/dettaglio_scheda_istituto_penitenziario?s=MII176719"">Vai alla scheda istituto</a>",19.0,4.11,0.63,4.11,4.33,4.11,4.11,4.11
MII176743,Grosseto,213.0,Via A Saffi n.23 - 58100 Grosseto,Casa circondariale,15.0,0.0,15.0,32.0,2026-09-12,36.0,35.0,2026-08-31,8.0,12.0,2026-08-31,9.0,0.0,1.0,0.0,0.0,9.0,1.0,1.0,2026-09-12,42.7597261,11.1137389,"<a href=""https://www.giustizia.it/giustizia/page/it/dettaglio_scheda_istituto_penitenziario?s=MII176743"">Vai alla scheda istituto</a>",9.0,3.56,1.09,32.0,,3.56,32.0,32.0
MII176749,Imperia,145.0,Via Giacomo Agnesi n. 2 18100 Imperia,Casa circondariale,53.0,0.0,53.0,77.0,2026-09-12,65.0,55.0,2026-08-31,11.0,13.0,2026-08-31,41.0,0.0,41.0,3.0,1.0,41.0,41.0,41.0,2026-09-12,43.8862958,8.0267106,"<a href=""https://www.giustizia.it/giustizia/page/it/dettaglio_scheda_istituto_penitenziario?s=MII176749"">Vai alla scheda istituto</a>",41.0,1.88,0.71,1.88,25.67,1.88,1.88,1.88
MII176759,Isernia,180.0,Via Ponte San Leonardo n.5 - 86170  Isernia,Casa circondariale,44.0,0.0,44.0,79.0,2026-09-12,40.0,44.0,2026-08-31,9.0,10.0,2026-08-31,24.0,0.0,4.0,24.0,0.0,24.0,24.0,24.0,2026-09-12,41.600216,14.238217,"<a href=""https://www.giustizia.it/giustizia/page/it/dettaglio_scheda_istituto_penitenziario?s=MII176759"">Vai alla scheda istituto</a>",24.0,3.29,0.56,19.75,3.29,3.29,3.29,3.29
MII176771,Isili,109.0,Localit&agrave; Sarcidano n.SN - 08033 Isili,Casa di reclusione,130.0,23.0,107.0,117.0,2026-09-12,77.0,74.0,2026-08-31,17.0,20.0,2026-08-31,30.0,4.0,30.0,11.0,0.0,30.0,26.0,30.0,2026-09-12,39.7404048,9.1085903,"<a href=""https://www.giustizia.it/giustizia/page/it/dettaglio_scheda_istituto_penitenziario?s=MII176771"">Vai alla scheda istituto</a>",26.0,4.5,0.63,3.9,10.64,3.9,4.5,3.9
MII176781,Ivrea,151.0,Corso Vercelli n.165 - 10015 Ivrea,Casa circondariale,195.0,24.0,171.0,259.0,2026-09-12,176.0,144.0,2026-08-31,17.0,20.0,2026-08-31,189.0,22.0,0.0,0.0,1.0,189.0,188.0,15.0,2026-09-12,45.4673791,7.874797,"<a href=""https://www.giustizia.it/giustizia/page/it/dettaglio_scheda_istituto_penitenziario?s=MII176781"">Vai alla scheda istituto</a>",167.0,1.55,0.56,,,1.37,1.38,17.27
MII176788,La Spezia,149.0,Piazza Falcone e Borsellino n.1 - 19125 La Spezia,Casa circondariale,152.0,0.0,152.0,227.0,2026-09-12,146.0,128.0,2026-08-31,17.0,17.0,2026-08-31,93.0,0.0,93.0,6.0,0.0,93.0,93.0,93.0,2026-09-12,44.107033,9.8282255,"<a href=""https://www.giustizia.it/giustizia/page/it/dettaglio_scheda_istituto_penitenziario?s=MII176788"">Vai alla scheda istituto</a>",93.0,2.44,0.56,2.44,37.83,2.44,2.44,2.44
MII177107,Lanciano,118.0,C/da Villa Stanazzo n.212/A - 66034 Lanciano,Casa circondariale,224.0,0.0,224.0,265.0,2026-09-12,163.0,144.0,2026-08-31,17.0,18.0,2026-08-31,193.0,0.0,11.0,32.0,0.0,193.0,30.0,19.0,2026-09-12,42.2305316,14.3907794,"<a href=""https://www.giustizia.it/giustizia/page/it/dettaglio_scheda_istituto_penitenziario?s=MII177107"">Vai alla scheda istituto</a>",193.0,1.37,0.54,24.09,8.28,1.37,8.83,13.95
MII177118,Lanusei,112.0,Viale Europa n.10 - 08045 Lanusei,Casa circondariale - San Daniele,33.0,0.0,33.0,37.0,2026-09-12,36.0,36.0,2026-08-31,8.0,9.0,2026-08-31,14.0,0.0,14.0,0.0,0.0,14.0,11.0,0.0,2026-09-12,39.8785705,9.5410772,"<a href=""https://www.giustizia.it/giustizia/page/it/dettaglio_scheda_istituto_penitenziario?s=MII177118"">Vai alla scheda istituto</a>",14.0,2.64,0.97,2.64,,2.64,3.36,
MII177134,L'Aquila,85.0,Via Amiternina Localit&agrave; Costarelle di Preturo n.3 - 67100 L'Aquila,Casa circondariale,214.0,6.0,208.0,177.0,2026-09-12,164.0,137.0,2026-08-31,21.0,20.0,2026-08-31,210.0,2.0,12.0,43.0,0.0,210.0,12.0,6.0,2026-09-12,42.3489203,13.3979672,"<a href=""https://www.giustizia.it/giustizia/page/it/dettaglio_scheda_istituto_penitenziario?s=MII177134"">Vai alla scheda istituto</a>",208.0,0.85,0.77,14.75,4.12,0.84,14.75,29.5
MII177323,Larino,152.0,Contrada Monte Arcano n.2 - 86035 Larino,Casa circondariale,119.0,10.0,109.0,166.0,2026-09-12,134.0,114.0,2026-08-31,11.0,16.0,2026-08-31,106.0,10.0,53.0,0.0,0.0,106.0,9.0,4.0,2026-09-12,41.8055672,14.9210984,"<a href=""https://www.giustizia.it/giustizia/page/it/dettaglio_scheda_istituto_penitenziario?s=MII177323"">Vai alla scheda istituto</a>",96.0,1.73,0.69,3.13,,1.57,18.44,41.5
MII177332,Latina,214.0,Via Aspromonte n.100 - 04100 Latina,Casa circondariale,77.0,0.0,77.0,165.0,2026-09-12,132.0,122.0,2026-08-31,14.0,17.0,2026-08-31,65.0,0.0,65.0,28.0,0.0,65.0,65.0,65.0,2026-09-12,41.46083555,12.89935226,"<a href=""https://www.giustizia.it/giustizia/page/it/dettaglio_scheda_istituto_penitenziario?s=MII177332"">Vai alla scheda istituto</a>",65.0,2.54,0.74,2.54,5.89,2.54,2.54,2.54
MII177346,Laureana di Borrello,151.0,Viale Paolo Quattrone n.7 - 89023 Laureana di Borrello,Casa di reclusione - Luigi Daga,37.0,0.0,37.0,56.0,2026-09-12,37.0,31.0,2026-08-31,9.0,13.0,2026-08-31,37.0,0.0,37.0,37.0,0.0,37.0,37.0,37.0,2026-09-12,38.492577,16.082098,"<a href=""https://www.giustizia.it/giustizia/page/it/dettaglio_scheda_istituto_penitenziario?s=MII177346"">Vai alla scheda istituto</a>",37.0,1.51,0.55,1.51,1.51,1.51,1.51,1.51
MII177384,Lauro,31.0,Strada Provinciale Bosagro n. snc - 83023 Lauro,Istituto custodia attenuata per madri,50.0,1.0,49.0,15.0,2026-09-12,0.0,0.0,,3.0,0.0,2026-08-31,20.0,1.0,20.0,20.0,0.0,20.0,20.0,20.0,2026-09-12,40.8799681,14.629467,"<a href=""https://www.giustizia.it/giustizia/page/it/dettaglio_scheda_istituto_penitenziario?s=MII177384"">Vai alla scheda istituto</a>",19.0,0.79,0.0,0.75,0.75,0.75,0.75,0.75
MII177420,Lecce,189.0,Via Paolo Perrone n.4 - 73100 Lecce,Casa circondariale - Nuovo Complesso,798.0,25.0,773.0,1462.0,2026-09-12,650.0,574.0,2026-08-31,51.0,44.0,2026-08-31,654.0,12.0,81.0,654.0,8.0,654.0,654.0,653.0,2026-09-12,40.3767969,18.156339,"<a href=""https://www.giustizia.it/giustizia/page/it/dettaglio_scheda_istituto_penitenziario?s=MII177420"">Vai alla scheda istituto</a>",642.0,2.28,0.39,18.05,2.24,2.24,2.24,2.24
MII177436,Lecco,175.0,Via Cesare Beccaria n.9 - 23900 Lecco,Casa circondariale,53.0,0.0,53.0,93.0,2026-09-12,45.0,42.0,2026-08-31,9.0,14.0,2026-08-31,40.0,0.0,40.0,0.0,0.0,40.0,40.0,40.0,2026-09-12,45.8553764,9.389605,"<a href=""https://www.giustizia.it/giustizia/page/it/dettaglio_scheda_istituto_penitenziario?s=MII177436"">Vai alla scheda istituto</a>",40.0,2.33,0.45,2.33,,2.33,2.33,2.33
MII177463,Livorno,127.0,Via delle Macchie n.9 - 57124 Livorno,Casa circondariale,428.0,151.0,277.0,353.0,2026-09-12,301.0,256.0,2026-08-31,22.0,35.0,2026-08-31,265.0,126.0,130.0,135.0,4.0,262.0,263.0,95.0,2026-09-12,43.5507411,10.3091456,"<a href=""https://www.giustizia.it/giustizia/page/it/dettaglio_scheda_istituto_penitenziario?s=MII177463"">Vai alla scheda istituto</a>",139.0,2.54,0.73,2.72,2.61,1.35,1.34,3.72
MII177498,Livorno Gorgona,126.0,Gorgona Via Torre Nuova n.1 -. 57030 Livorno,Casa di reclusione,89.0,0.0,89.0,112.0,2026-09-12,0.0,0.0,,7.0,0.0,2026-08-31,55.0,0.0,55.0,0.0,0.0,55.0,55.0,55.0,2026-09-12,43.42959665,9.89870751,"<a href=""https://www.giustizia.it/giustizia/page/it/dettaglio_scheda_istituto_penitenziario?s=MII177498"">Vai alla scheda istituto</a>",55.0,2.04,0.0,2.04,,2.04,2.04,2.04
MII177996,Locri,159.0,Via Vittorio Veneto n.71 - 89044 Locri,Casa circondariale,86.0,6.0,80.0,127.0,2026-09-12,85.0,73.0,2026-08-31,12.0,15.0,2026-08-31,40.0,2.0,40.0,0.0,0.0,40.0,40.0,40.0,2026-09-12,38.2385368,16.2655092,"<a href=""https://www.giustizia.it/giustizia/page/it/dettaglio_scheda_istituto_penitenziario?s=MII177996"">Vai alla scheda istituto</a>",38.0,3.34,0.57,3.18,,3.18,3.18,3.18
MII178003,Onanì,95.0,Via Centrale n.3 - 08020 Onan&igrave; (Nuoro),Casa di reclusione - Onanì-Mamone,264.0,54.0,210.0,199.0,2026-09-12,126.0,102.0,2026-08-31,17.0,24.0,2026-08-31,60.0,10.0,53.0,2.0,0.0,60.0,53.0,53.0,2026-09-12,40.5725948,9.4205999,"<a href=""https://www.giustizia.it/giustizia/page/it/dettaglio_scheda_istituto_penitenziario?s=MII178003"">Vai alla scheda istituto</a>",50.0,3.98,0.51,3.75,99.5,3.32,3.75,3.75
MII178027,Lodi,207.0,Via Cagnola n.2 - 26900 Lodi,Casa circondariale,45.0,2.0,43.0,89.0,2026-09-12,47.0,47.0,2026-08-31,10.0,13.0,2026-08-31,30.0,2.0,27.0,0.0,0.0,29.0,30.0,7.0,2026-09-12,45.3138959,9.503263,"<a href=""https://www.giustizia.it/giustizia/page/it/dettaglio_scheda_istituto_penitenziario?s=MII178027"">Vai alla scheda istituto</a>",28.0,3.18,0.53,3.3,,3.07,2.97,12.71
MII178035,Lucca,270.0,Via San Giorgio n.108 - 55100 Lucca,Casa circondariale,59.0,22.0,37.0,100.0,2026-09-12,91.0,77.0,2026-08-31,10.0,14.0,2026-08-31,55.0,18.0,5.0,5.0,4.0,55.0,55.0,6.0,2026-09-12,43.84570065,10.49998221,"<a href=""https://www.giustizia.it/giustizia/page/it/dettaglio_scheda_istituto_penitenziario?s=MII178035"">Vai alla scheda istituto</a>",37.0,2.7,0.77,20.0,20.0,1.82,1.82,16.67
MII178045,Lucera,150.0,Piazza Tribunali n.16 - 71036 Lucera,Casa circondariale,135.0,10.0,125.0,188.0,2026-09-12,91.0,85.0,2026-08-31,14.0,17.0,2026-08-31,81.0,7.0,0.0,0.0,0.0,38.0,1.0,0.0,2026-09-12,41.51140835,15.33357537,"<a href=""https://www.giustizia.it/giustizia/page/it/dettaglio_scheda_istituto_penitenziario?s=MII178045"">Vai alla scheda istituto</a>",74.0,2.54,0.45,,,4.95,188.0,
MII178072,Mantova,161.0,Via C. Poma n.3 - 46100 Mantova,Casa circondariale,97.0,1.0,96.0,155.0,2026-09-12,81.0,78.0,2026-08-31,10.0,18.0,2026-08-31,56.0,1.0,5.0,4.0,0.0,56.0,4.0,56.0,2026-09-12,45.1566683,10.7917191,"<a href=""https://www.giustizia.it/giustizia/page/it/dettaglio_scheda_istituto_penitenziario?s=MII178072"">Vai alla scheda istituto</a>",55.0,2.82,0.5,31.0,38.75,2.77,38.75,2.77
MII178085,Massa,169.0,Via Pietro Pellegrini n.17 - 54100 Massa,Casa di reclusione,177.0,2.0,175.0,295.0,2026-09-12,140.0,113.0,2026-08-31,10.0,23.0,2026-08-31,110.0,1.0,109.0,99.0,8.0,110.0,110.0,110.0,2026-09-12,44.0231028,10.1371655,"<a href=""https://www.giustizia.it/giustizia/page/it/dettaglio_scheda_istituto_penitenziario?s=MII178085"">Vai alla scheda istituto</a>",109.0,2.71,0.38,2.71,2.98,2.68,2.68,2.68
MII178115,Massa Marittima,106.0,Viale Martiri della Niccioleta n.148 - 58024 Massa Marittima,Casa circondariale,48.0,0.0,48.0,51.0,2026-09-12,36.0,27.0,2026-08-31,9.0,14.0,2026-08-31,24.0,0.0,24.0,24.0,0.0,24.0,24.0,24.0,2026-09-12,43.0438048,10.9023227,"<a href=""https://www.giustizia.it/giustizia/page/it/dettaglio_scheda_istituto_penitenziario?s=MII178115"">Vai alla scheda istituto</a>",24.0,2.12,0.53,2.12,2.12,2.12,2.12,2.12
MII178124,Matera,171.0,Via Cererie n.24 - 75100 Matera,Casa circondariale,132.0,10.0,122.0,209.0,2026-09-12,149.0,100.0,2026-08-31,16.0,15.0,2026-08-31,49.0,4.0,49.0,49.0,0.0,49.0,49.0,49.0,2026-09-12,40.676213,16.60599858,"<a href=""https://www.giustizia.it/giustizia/page/it/dettaglio_scheda_istituto_penitenziario?s=MII178124"">Vai alla scheda istituto</a>",45.0,4.64,0.48,4.27,4.27,4.27,4.27,4.27
MII178141,Melfi,158.0,Via Lecce n. snc - 85025 Melfi,Casa circondariale,126.0,59.0,67.0,106.0,2026-09-12,163.0,120.0,2026-08-31,11.0,16.0,2026-08-31,122.0,55.0,14.0,109.0,0.0,122.0,122.0,1.0,2026-09-12,40.9961962,15.6556359,"<a href=""https://www.giustizia.it/giustizia/page/it/dettaglio_scheda_istituto_penitenziario?s=MII178141"">Vai alla scheda istituto</a>",67.0,1.58,1.13,7.57,0.97,0.87,0.87,106.0
MII178148,Messina,115.0,Via Consolare Valeria n.2 - 98124 Messina,Casa circondariale,302.0,87.0,215.0,247.0,2026-09-12,258.0,238.0,2026-08-31,25.0,23.0,2026-08-31,134.0,50.0,134.0,75.0,21.0,134.0,134.0,134.0,2026-09-12,38.048433,15.00434682,"<a href=""https://www.giustizia.it/giustizia/page/it/dettaglio_scheda_istituto_penitenziario?s=MII178148"">Vai alla scheda istituto</a>",84.0,2.94,0.96,1.84,3.29,1.84,1.84,1.84
MII178501,Milano San Vittore femminile,204.0,Piazza Filangieri n.2 - 20123 Milano,Casa circondariale - Francesco Di Cataldo,46.0,0.0,46.0,94.0,2026-09-12,0.0,0.0,,0.0,0.0,,40.0,0.0,3.0,2.0,0.0,40.0,40.0,40.0,2026-09-12,45.4615979,9.16639949,"<a href=""https://www.giustizia.it/giustizia/page/it/dettaglio_scheda_istituto_penitenziario?s=MII178501"">Vai alla scheda istituto</a>",40.0,2.35,0.0,31.33,47.0,2.35,2.35,2.35
MII178638,Modena,167.0,Strada Sant'Anna n.370 - 41122 Modena,Casa circondariale,371.0,0.0,371.0,620.0,2026-09-12,253.0,230.0,2026-08-31,20.0,27.0,2026-08-31,263.0,0.0,204.0,15.0,3.0,263.0,263.0,66.0,2026-09-12,44.67086,10.9190707,"<a href=""https://www.giustizia.it/giustizia/page/it/dettaglio_scheda_istituto_penitenziario?s=MII178638"">Vai alla scheda istituto</a>",263.0,2.36,0.37,3.04,41.33,2.36,2.36,9.39
MII178659,Monza,193.0,Via Sanquirico n.6 - 20900 Monza,Casa circondariale,413.0,27.0,386.0,746.0,2026-09-12,321.0,294.0,2026-08-31,20.0,29.0,2026-08-31,318.0,27.0,32.0,273.0,1.0,318.0,318.0,68.0,2026-09-12,45.5604241,9.28125258,"<a href=""https://www.giustizia.it/giustizia/page/it/dettaglio_scheda_istituto_penitenziario?s=MII178659"">Vai alla scheda istituto</a>",291.0,2.56,0.39,23.31,2.73,2.35,2.35,10.97
MII178666,Napoli Poggioreale,170.0,Via Nuova Poggioreale n.167 - 80143 Napoli,Casa circondariale - Giuseppe Salvia,1616.0,259.0,1357.0,2306.0,2026-09-12,828.0,666.0,2026-08-31,60.0,63.0,2026-08-31,586.0,103.0,348.0,142.0,12.0,537.0,537.0,517.0,2026-09-12,40.8599808,14.27937499,"<a href=""https://www.giustizia.it/giustizia/page/it/dettaglio_scheda_istituto_penitenziario?s=MII178666"">Vai alla scheda istituto</a>",483.0,4.77,0.29,6.63,16.24,4.29,4.29,4.46
MII178672,Napoli Secondigliano,138.0,Via Roma verso Scampia n.350 - 80144 Napoli,Casa circondariale - Pasquale Mandato,1112.0,16.0,1096.0,1516.0,2026-09-12,1185.0,1084.0,2026-08-31,69.0,57.0,2026-08-31,835.0,13.0,265.0,224.0,9.0,830.0,727.0,835.0,2026-09-12,40.9104776,14.24587204,"<a href=""https://www.giustizia.it/giustizia/page/it/dettaglio_scheda_istituto_penitenziario?s=MII178672"">Vai alla scheda istituto</a>",822.0,1.84,0.72,5.72,6.77,1.83,2.09,1.82
MII178681,Noto,101.0,Via Garibaldi n.8 - 96017 Noto,Casa di reclusione - Attilio Bonincontro,176.0,16.0,160.0,161.0,2026-09-12,89.0,71.0,2026-08-31,17.0,19.0,2026-08-31,98.0,11.0,98.0,0.0,0.0,98.0,98.0,98.0,2026-09-12,36.89341275,15.07208372,"<a href=""https://www.giustizia.it/giustizia/page/it/dettaglio_scheda_istituto_penitenziario?s=MII178681"">Vai alla scheda istituto</a>",87.0,1.85,0.44,1.64,,1.64,1.64,1.64
MII178700,Novara,69.0,Via Sforzesca n.49 - 28100 Novara,Casa circondariale,156.0,0.0,156.0,107.0,2026-09-12,179.0,136.0,2026-08-31,11.0,17.0,2026-08-31,102.0,0.0,10.0,0.0,0.0,100.0,102.0,102.0,2026-09-12,45.4353796,8.63788811,"<a href=""https://www.giustizia.it/giustizia/page/it/dettaglio_scheda_istituto_penitenziario?s=MII178700"">Vai alla scheda istituto</a>",102.0,1.05,1.27,10.7,,1.07,1.05,1.05
MII179224,Nuoro,18.0,Via Badu e Carros n.1 - 08100 Nuoro,Casa circondariale,378.0,104.0,274.0,48.0,2026-09-12,217.0,143.0,2026-08-31,17.0,23.0,2026-08-31,154.0,58.0,101.0,55.0,3.0,154.0,101.0,96.0,2026-09-12,40.31421085,9.30414976,"<a href=""https://www.giustizia.it/giustizia/page/it/dettaglio_scheda_istituto_penitenziario?s=MII179224"">Vai alla scheda istituto</a>",96.0,0.5,2.98,0.48,0.87,0.31,0.48,0.5
MII179237,Opera,151.0,Via Camporgnago n.40 - 20090 Milano,Casa di reclusione - Iª casa,918.0,10.0,908.0,1369.0,2026-09-12,628.0,541.0,2026-08-31,39.0,54.0,2026-08-31,818.0,9.0,235.0,625.0,4.0,818.0,226.0,236.0,2026-09-12,45.373069,9.211149,"<a href=""https://www.giustizia.it/giustizia/page/it/dettaglio_scheda_istituto_penitenziario?s=MII179237"">Vai alla scheda istituto</a>",809.0,1.69,0.4,5.83,2.19,1.67,6.06,5.8
MII179274,Oristano,93.0,Loc. Su Pedriaxiu Massama n. snc - 09170 Oristano,Casa di reclusione - Salvatore Soro,264.0,0.0,264.0,245.0,2026-09-12,210.0,159.0,2026-08-31,19.0,23.0,2026-08-31,138.0,0.0,138.0,9.0,6.0,138.0,138.0,132.0,2026-09-12,39.94078795,8.61201176,"<a href=""https://www.giustizia.it/giustizia/page/it/dettaglio_scheda_istituto_penitenziario?s=MII179274"">Vai alla scheda istituto</a>",138.0,1.78,0.65,1.78,27.22,1.78,1.78,1.86
MII179280,Orvieto,117.0,Via Roma n.1 - 05018 Orvieto,Casa di reclusione,98.0,0.0,98.0,115.0,2026-09-12,62.0,50.0,2026-08-31,19.0,21.0,2026-08-31,35.0,0.0,33.0,0.0,0.0,35.0,10.0,35.0,2026-09-12,42.72110485,12.11506423,"<a href=""https://www.giustizia.it/giustizia/page/it/dettaglio_scheda_istituto_penitenziario?s=MII179280"">Vai alla scheda istituto</a>",35.0,3.29,0.43,3.48,,3.29,11.5,3.29
MII179290,Padova,135.0,Via Due Palazzi n.25/A - 35136 Padova,Casa circondariale,188.0,0.0,188.0,253.0,2026-09-12,142.0,130.0,2026-08-31,18.0,19.0,2026-08-31,68.0,0.0,68.0,68.0,3.0,68.0,68.0,68.0,2026-09-12,45.4451533,11.84137093,"<a href=""https://www.giustizia.it/giustizia/page/it/dettaglio_scheda_istituto_penitenziario?s=MII179290"">Vai alla scheda istituto</a>",68.0,3.72,0.51,3.72,3.72,3.72,3.72,3.72
MII179299,Padova Nuovo Complesso,160.0,Via Due Palazzi n.35 - 35135 Padova,Casa di reclusione,432.0,0.0,432.0,691.0,2026-09-12,392.0,297.0,2026-08-31,29.0,30.0,2026-08-31,382.0,0.0,101.0,29.0,6.0,382.0,53.0,53.0,2026-09-12,45.4436499,11.84528382,"<a href=""https://www.giustizia.it/giustizia/page/it/dettaglio_scheda_istituto_penitenziario?s=MII179299"">Vai alla scheda istituto</a>",382.0,1.81,0.43,6.84,23.83,1.81,13.04,13.04
MII179306,Palermo Pagliarelli,138.0,Piazza Pietro Cerulli n.1 - 90129 Palermo,Casa circondariale - Antonio Lorusso,1166.0,69.0,1097.0,1512.0,2026-09-12,755.0,656.0,2026-08-31,43.0,53.0,2026-08-31,736.0,27.0,298.0,722.0,0.0,730.0,722.0,67.0,2026-09-12,38.09077025,13.33932043,"<a href=""https://www.giustizia.it/giustizia/page/it/dettaglio_scheda_istituto_penitenziario?s=MII179306"">Vai alla scheda istituto</a>",709.0,2.13,0.43,5.07,2.09,2.07,2.09,22.57
MII179324,Palermo Ucciardone,111.0,Via Enrico Albanese n.3 - 90139 Palermo,Casa di reclusione - Calogero Di Bona,569.0,38.0,531.0,588.0,2026-09-12,341.0,290.0,2026-08-31,31.0,40.0,2026-08-31,265.0,38.0,184.0,4.0,7.0,265.0,225.0,263.0,2026-09-12,38.13289445,13.35769614,"<a href=""https://www.giustizia.it/giustizia/page/it/dettaglio_scheda_istituto_penitenziario?s=MII179324"">Vai alla scheda istituto</a>",227.0,2.59,0.49,3.2,147.0,2.22,2.61,2.24
MII179331,Paliano,44.0,Viale Garibaldi n.6 - 03018 Paliano,Casa di reclusione,153.0,7.0,146.0,64.0,2026-09-12,66.0,64.0,2026-08-31,14.0,14.0,2026-08-31,57.0,1.0,46.0,11.0,0.0,57.0,55.0,56.0,2026-09-12,41.8060233,13.0580683,"<a href=""https://www.giustizia.it/giustizia/page/it/dettaglio_scheda_istituto_penitenziario?s=MII179331"">Vai alla scheda istituto</a>",56.0,1.14,1.0,1.39,5.82,1.12,1.16,1.14
MII179342,Palmi,102.0,Via Trodio n.1 - 89015 Palmi,Casa circondariale - Filippo Salsone,141.0,25.0,116.0,118.0,2026-09-12,145.0,110.0,2026-08-31,11.0,18.0,2026-08-31,54.0,12.0,37.0,0.0,0.0,54.0,53.0,54.0,2026-09-12,38.3673254,15.8589302,"<a href=""https://www.giustizia.it/giustizia/page/it/dettaglio_scheda_istituto_penitenziario?s=MII179342"">Vai alla scheda istituto</a>",42.0,2.81,0.93,3.19,,2.19,2.23,2.19
MII179353,Paola,159.0,Via Paolino Maria Quattrone n.1 - 87027 Paola,Casa circondariale,181.0,20.0,161.0,256.0,2026-09-12,127.0,110.0,2026-08-31,16.0,19.0,2026-08-31,161.0,5.0,156.0,3.0,0.0,161.0,159.0,161.0,2026-09-12,39.359893,16.039588,"<a href=""https://www.giustizia.it/giustizia/page/it/dettaglio_scheda_istituto_penitenziario?s=MII179353"">Vai alla scheda istituto</a>",156.0,1.64,0.43,1.64,85.33,1.59,1.61,1.59
MII179364,Parma,124.0,Strada Burla n.57 - 43122 Parma,Casa di reclusione,655.0,11.0,644.0,801.0,2026-09-12,483.0,375.0,2026-08-31,1.0,0.0,2026-08-31,514.0,11.0,444.0,143.0,17.0,514.0,514.0,514.0,2026-09-12,44.8167494,10.36522212,"<a href=""https://www.giustizia.it/giustizia/page/it/dettaglio_scheda_istituto_penitenziario?s=MII179364"">Vai alla scheda istituto</a>",503.0,1.59,0.47,1.8,5.6,1.56,1.56,1.56
MII179733,Voghera,118.0,Via Prati Nuovi n.7 - 27058 Voghera,Casa circondariale - Nuovo Complesso,343.0,1.0,342.0,404.0,2026-09-12,252.0,212.0,2026-08-31,13.0,21.0,2026-08-31,188.0,1.0,82.0,179.0,4.0,188.0,74.0,187.0,2026-09-12,44.9978954,8.9925217,"<a href=""https://www.giustizia.it/giustizia/page/it/dettaglio_scheda_istituto_penitenziario?s=MII179733"">Vai alla scheda istituto</a>",187.0,2.16,0.52,4.93,2.26,2.15,5.46,2.16
MII179781,Perugia,160.0,Strada Pievaiola n.252 - 06132 Perugia,Casa circondariale - Nuovo complesso penitenziario Capanne,363.0,54.0,309.0,494.0,2026-09-12,251.0,203.0,2026-08-31,24.0,27.0,2026-08-31,310.0,54.0,307.0,40.0,3.0,310.0,310.0,310.0,2026-09-12,43.05317525,12.26260324,"<a href=""https://www.giustizia.it/giustizia/page/it/dettaglio_scheda_istituto_penitenziario?s=MII179781"">Vai alla scheda istituto</a>",256.0,1.93,0.41,1.61,12.35,1.59,1.59,1.59
MII179818,Pesaro,178.0,Strada Fontesecco n.88 - 61122 Pesaro,Casa circondariale,156.0,12.0,144.0,256.0,2026-09-12,171.0,161.0,2026-08-31,14.0,18.0,2026-08-31,125.0,5.0,5.0,12.0,0.0,125.0,7.0,6.0,2026-09-12,43.8735952,12.85524221,"<a href=""https://www.giustizia.it/giustizia/page/it/dettaglio_scheda_istituto_penitenziario?s=MII179818"">Vai alla scheda istituto</a>",120.0,2.13,0.63,51.2,21.33,2.05,36.57,42.67
MII179830,Pescara,166.0,Via San Donato n.2-  65129 Pescara,Casa circondariale,276.0,33.0,243.0,404.0,2026-09-12,177.0,141.0,2026-08-31,24.0,22.0,2026-08-31,110.0,16.0,105.0,15.0,2.0,110.0,110.0,109.0,2026-09-12,42.4506322,14.215016,"<a href=""https://www.giustizia.it/giustizia/page/it/dettaglio_scheda_istituto_penitenziario?s=MII179830"">Vai alla scheda istituto</a>",94.0,4.3,0.35,3.85,26.93,3.67,3.67,3.71
MII179842,Piacenza,145.0,Via delle Novate n.65 - 29122 Piacenza,Casa circondariale - San Lazzaro,414.0,2.0,412.0,598.0,2026-09-12,246.0,212.0,2026-08-31,21.0,26.0,2026-08-31,273.0,1.0,77.0,9.0,5.0,273.0,273.0,252.0,2026-09-12,45.0534751,9.6947461,"<a href=""https://www.giustizia.it/giustizia/page/it/dettaglio_scheda_istituto_penitenziario?s=MII179842"">Vai alla scheda istituto</a>",272.0,2.2,0.35,7.77,66.44,2.19,2.19,2.37
MII179856,Piazza Armerina,171.0,Via Fabrizio De Andr&eacute; n.1 - 94015 Piazza Armerina,Casa circondariale,48.0,0.0,48.0,82.0,2026-09-12,45.0,41.0,2026-08-31,9.0,12.0,2026-08-31,41.0,0.0,32.0,0.0,0.0,41.0,6.0,40.0,2026-09-12,37.385946,14.367174,"<a href=""https://www.giustizia.it/giustizia/page/it/dettaglio_scheda_istituto_penitenziario?s=MII179856"">Vai alla scheda istituto</a>",41.0,2.0,0.5,2.56,,2.0,13.67,2.05
MII179876,Volterra,97.0,Rampa di Castello n.4 -  56048 Volterra,Casa di reclusione,189.0,1.0,188.0,183.0,2026-09-12,82.0,64.0,2026-08-31,12.0,19.0,2026-08-31,176.0,1.0,0.0,1.0,0.0,157.0,0.0,0.0,2026-09-12,43.400337,10.860019,"<a href=""https://www.giustizia.it/giustizia/page/it/dettaglio_scheda_istituto_penitenziario?s=MII179876"">Vai alla scheda istituto</a>",175.0,1.05,0.35,,183.0,1.17,,
MII179896,Pistoia,116.0,Via dei Macelli n.13 - 51100 Pistoia,Casa circondariale,76.0,0.0,76.0,88.0,2026-09-12,65.0,55.0,2026-08-31,10.0,14.0,2026-08-31,48.0,0.0,0.0,0.0,0.0,37.0,47.0,18.0,2026-09-12,43.93904125,10.91550517,"<a href=""https://www.giustizia.it/giustizia/page/it/dettaglio_scheda_istituto_penitenziario?s=MII179896"">Vai alla scheda istituto</a>",48.0,1.83,0.62,,,2.38,1.87,4.89
MII179913,Pordenone,146.0,Piazza della Motta n.10 - 33170 Pordenone,Casa circondariale,37.0,2.0,35.0,51.0,2026-09-12,57.0,48.0,2026-08-31,9.0,13.0,2026-08-31,14.0,1.0,4.0,0.0,0.0,14.0,0.0,0.0,2026-09-12,45.9561032,12.66265692,"<a href=""https://www.giustizia.it/giustizia/page/it/dettaglio_scheda_istituto_penitenziario?s=MII179913"">Vai alla scheda istituto</a>",13.0,3.92,0.94,12.75,,3.64,,
MII179932,Porto Azzurro,111.0,Forte San Giacomo n.1 57036 - Porto Azzurro,Casa di reclusione - Pasquale De Santis,334.0,0.0,334.0,371.0,2026-09-12,205.0,163.0,2026-08-31,17.0,25.0,2026-08-31,306.0,0.0,118.0,13.0,0.0,285.0,306.0,306.0,2026-09-12,42.7655212,10.40289057,"<a href=""https://www.giustizia.it/giustizia/page/it/dettaglio_scheda_istituto_penitenziario?s=MII179932"">Vai alla scheda istituto</a>",306.0,1.21,0.44,3.14,28.54,1.3,1.21,1.21
MII179938,Potenza,167.0,Via Appia n.175 - 85100 Potenza,Casa circondariale - Antonio Santoro,107.0,1.0,106.0,177.0,2026-09-12,124.0,119.0,2026-08-31,14.0,18.0,2026-08-31,77.0,1.0,76.0,9.0,0.0,77.0,77.0,77.0,2026-09-12,40.6413675,15.824158,"<a href=""https://www.giustizia.it/giustizia/page/it/dettaglio_scheda_istituto_penitenziario?s=MII179938"">Vai alla scheda istituto</a>",76.0,2.33,0.67,2.33,19.67,2.3,2.3,2.3
MII179945,Pozzuoli,,Via Pergolesi n.140 - 80078 Pozzuoli,Casa circondariale femminile,98.0,98.0,0.0,0.0,2026-09-12,119.0,0.0,2026-08-31,1.0,21.0,2026-08-31,29.0,29.0,29.0,29.0,0.0,29.0,9.0,29.0,2026-09-12,40.82861375,14.1210843,"<a href=""https://www.giustizia.it/giustizia/page/it/dettaglio_scheda_istituto_penitenziario?s=MII179945"">Vai alla scheda istituto</a>",0.0,,,0.0,0.0,0.0,0.0,0.0
MII179958,Prato,119.0,Via La Montagnola n.76 - 50900 Prato,Casa circondariale,589.0,47.0,542.0,646.0,2026-09-12,315.0,251.0,2026-08-31,28.0,35.0,2026-08-31,299.0,25.0,25.0,249.0,0.0,299.0,0.0,23.0,2026-09-12,43.9034549,11.0644075,"<a href=""https://www.giustizia.it/giustizia/page/it/dettaglio_scheda_istituto_penitenziario?s=MII179958"">Vai alla scheda istituto</a>",274.0,2.36,0.39,25.84,2.59,2.16,,28.09
MII179965,Ragusa,123.0,Via G. di Vittorio n.26 - 97100 Ragusa,Casa circondariale,196.0,13.0,183.0,225.0,2026-09-12,98.0,85.0,2026-08-31,17.0,18.0,2026-08-31,66.0,9.0,54.0,3.0,2.0,56.0,66.0,66.0,2026-09-12,36.9145799,14.72372512,"<a href=""https://www.giustizia.it/giustizia/page/it/dettaglio_scheda_istituto_penitenziario?s=MII179965"">Vai alla scheda istituto</a>",57.0,3.95,0.38,4.17,75.0,4.02,3.41,3.41
MII179981,Ravenna,176.0,Via Port'Aurea n.57 - 48121 Ravenna,Casa circondariale,49.0,0.0,49.0,86.0,2026-09-12,83.0,65.0,2026-08-31,13.0,14.0,2026-08-31,49.0,0.0,0.0,0.0,0.0,49.0,49.0,49.0,2026-09-12,44.41458045,12.19213791,"<a href=""https://www.giustizia.it/giustizia/page/it/dettaglio_scheda_istituto_penitenziario?s=MII179981"">Vai alla scheda istituto</a>",49.0,1.76,0.76,,,1.76,1.76,1.76
MII179988,Reggio Calabria Arghillà,124.0,Contrada Rugola n. snc - 89135 Reggio Calabria,Casa circondariale,294.0,9.0,285.0,352.0,2026-09-12,164.0,150.0,2026-08-31,14.0,32.0,2026-08-31,85.0,9.0,85.0,0.0,3.0,85.0,85.0,85.0,2026-09-12,38.1929515,15.681926617,"<a href=""https://www.giustizia.it/giustizia/page/it/dettaglio_scheda_istituto_penitenziario?s=MII179988"">Vai alla scheda istituto</a>",76.0,4.63,0.43,4.14,,4.14,4.14,4.14
MII179995,Reggio Calabria Giuseppe Panzera,77.0,Via Carcere Nuovo n.15 89129 - Reggio Calabria,Casa circondariale,180.0,13.0,167.0,129.0,2026-09-12,190.0,152.0,2026-08-31,20.0,0.0,2026-08-31,85.0,5.0,81.0,14.0,1.0,85.0,85.0,80.0,2026-09-12,38.1035389,15.6397556,"<a href=""https://www.giustizia.it/giustizia/page/it/dettaglio_scheda_istituto_penitenziario?s=MII179995"">Vai alla scheda istituto</a>",80.0,1.61,1.18,1.59,9.21,1.52,1.52,1.61
MII180001,Rimini,152.0,Via Santa Cristina n.19 - 47900 Rimini,Casa circondariale,118.0,0.0,118.0,179.0,2026-09-12,139.0,119.0,2026-08-31,15.0,17.0,2026-08-31,53.0,0.0,33.0,36.0,0.0,53.0,41.0,53.0,2026-09-12,44.0593886,12.5684371,"<a href=""https://www.giustizia.it/giustizia/page/it/dettaglio_scheda_istituto_penitenziario?s=MII180001"">Vai alla scheda istituto</a>",53.0,3.38,0.66,5.42,4.97,3.38,4.37,3.38
MII180348,Roma Rebibbia femminile,164.0,Via Bartolo Longo n.92 - 00156 Roma,Casa circondariale - Germana Stefanini,272.0,46.0,226.0,371.0,2026-09-12,214.0,212.0,2026-08-31,22.0,26.0,2026-08-31,171.0,21.0,94.0,87.0,8.0,132.0,171.0,169.0,2026-09-12,41.93451235,12.57406556,"<a href=""https://www.giustizia.it/giustizia/page/it/dettaglio_scheda_istituto_penitenziario?s=MII180348"">Vai alla scheda istituto</a>",150.0,2.47,0.57,3.95,4.26,2.81,2.17,2.2
MII180356,Roma Rebibbia IIIª casa,74.0,Via Bartolo Longo n.82 - 00156 Roma,Casa circondariale,172.0,40.0,132.0,98.0,2026-09-12,46.0,43.0,2026-08-31,17.0,15.0,2026-08-31,43.0,10.0,43.0,0.0,0.0,43.0,43.0,43.0,2026-09-12,41.93451235,12.57406556,"<a href=""https://www.giustizia.it/giustizia/page/it/dettaglio_scheda_istituto_penitenziario?s=MII180356"">Vai alla scheda istituto</a>",33.0,2.97,0.44,2.28,,2.28,2.28,2.28
MII180370,Roma Rebibbia Nuovo Complesso,146.0,Via Raffaele Majetti n.70 - 00156 Roma,Casa circondariale - Raffaele Cinotti,1171.0,103.0,1068.0,1560.0,2026-09-12,939.0,788.0,2026-08-31,55.0,58.0,2026-08-31,625.0,55.0,119.0,1.0,11.0,375.0,622.0,574.0,2026-09-12,41.93451235,12.57406556,"<a href=""https://www.giustizia.it/giustizia/page/it/dettaglio_scheda_istituto_penitenziario?s=MII180370"">Vai alla scheda istituto</a>",570.0,2.74,0.51,13.11,1560.0,4.16,2.51,2.72
MII180380,Roma Rebibbia,109.0,Via Bartolo Longo n.72 - 00156 Roma,Casa di reclusione,445.0,180.0,265.0,288.0,2026-09-12,189.0,137.0,2026-08-31,25.0,29.0,2026-08-31,381.0,135.0,61.0,58.0,0.0,60.0,381.0,381.0,2026-09-12,41.93451235,12.57406556,"<a href=""https://www.giustizia.it/giustizia/page/it/dettaglio_scheda_istituto_penitenziario?s=MII180380"">Vai alla scheda istituto</a>",246.0,1.17,0.48,4.72,4.97,4.8,0.76,0.76
MII180401,Roma Regina Coeli,202.0,Via della Lungara n.29 - 00165 Roma,Casa circondariale,619.0,56.0,563.0,1137.0,2026-09-12,480.0,405.0,2026-08-31,36.0,48.0,2026-08-31,322.0,30.0,149.0,1.0,0.0,322.0,319.0,322.0,2026-09-12,41.8952204,12.46386051,"<a href=""https://www.giustizia.it/giustizia/page/it/dettaglio_scheda_istituto_penitenziario?s=MII180401"">Vai alla scheda istituto</a>",292.0,3.89,0.36,7.63,1137.0,3.53,3.56,3.53
MII180415,Rossano,129.0,Contrada Ciminata n. snc - 87067 Rossano,Casa di reclusione - Nuovo Complesso,263.0,0.0,263.0,340.0,2026-09-12,153.0,129.0,2026-08-31,19.0,23.0,2026-08-31,142.0,0.0,136.0,46.0,0.0,142.0,142.0,142.0,2026-09-12,39.5746821,16.6348647,"<a href=""https://www.giustizia.it/giustizia/page/it/dettaglio_scheda_istituto_penitenziario?s=MII180415"">Vai alla scheda istituto</a>",142.0,2.39,0.38,2.5,7.39,2.39,2.39,2.39
MII180424,Rovigo,138.0,Strada regionale 443 Dir. n.2 - 45100 Rovigo,Casa circondariale,209.0,0.0,209.0,288.0,2026-09-12,185.0,141.0,2026-08-31,16.0,19.0,2026-08-31,111.0,0.0,109.0,109.0,6.0,111.0,111.0,109.0,2026-09-12,45.0843329,11.81300853,"<a href=""https://www.giustizia.it/giustizia/page/it/dettaglio_scheda_istituto_penitenziario?s=MII180424"">Vai alla scheda istituto</a>",111.0,2.59,0.49,2.64,2.64,2.59,2.59,2.64
MII180426,Salerno,158.0,Via del Tonnazzo n.1 - 84100 Salerno,Casa circondariale - Antonio Caputo,376.0,8.0,368.0,583.0,2026-09-12,261.0,248.0,2026-08-31,30.0,31.0,2026-08-31,130.0,8.0,70.0,87.0,5.0,130.0,104.0,82.0,2026-09-12,40.6521175,14.85032945,"<a href=""https://www.giustizia.it/giustizia/page/it/dettaglio_scheda_istituto_penitenziario?s=MII180426"">Vai alla scheda istituto</a>",122.0,4.78,0.43,8.33,6.7,4.48,5.61,7.11
MII180437,Saluzzo,88.0,Regione Bronda n.19/B - 12037 Saluzzo,Casa di reclusione - Rodolfo Morandi,420.0,5.0,415.0,364.0,2026-09-12,224.0,177.0,2026-08-31,21.0,24.0,2026-08-31,271.0,5.0,66.0,200.0,4.0,271.0,266.0,98.0,2026-09-12,44.6446052,7.4926009,"<a href=""https://www.giustizia.it/giustizia/page/it/dettaglio_scheda_istituto_penitenziario?s=MII180437"">Vai alla scheda istituto</a>",266.0,1.37,0.49,5.52,1.82,1.34,1.37,3.71
MII180451,San Cataldo,103.0,Piazza Marconi n.1 - 93017 San Cataldo,Casa di reclusione,135.0,34.0,101.0,104.0,2026-09-12,59.0,54.0,2026-08-31,17.0,14.0,2026-08-31,21.0,2.0,21.0,0.0,1.0,1.0,9.0,21.0,2026-09-12,37.488445,13.993065,"<a href=""https://www.giustizia.it/giustizia/page/it/dettaglio_scheda_istituto_penitenziario?s=MII180451"">Vai alla scheda istituto</a>",19.0,5.47,0.52,4.95,,104.0,11.56,4.95
MII180458,San Gimignano,147.0,Loc. Ciuciano Ranza n.20 - 53037 San Gimignano,Casa di reclusione,243.0,20.0,223.0,327.0,2026-09-12,229.0,196.0,2026-08-31,13.0,21.0,2026-08-31,231.0,20.0,0.0,4.0,0.0,231.0,231.0,204.0,2026-09-12,43.4263361,11.02355054,"<a href=""https://www.giustizia.it/giustizia/page/it/dettaglio_scheda_istituto_penitenziario?s=MII180458"">Vai alla scheda istituto</a>",211.0,1.55,0.6,,81.75,1.42,1.42,1.6
MII180465,Sanremo,128.0,Strada Armea n.144/a - 18038 Sanremo,Casa di reclusione - Nuovo Complesso,223.0,4.0,219.0,280.0,2026-09-12,202.0,177.0,2026-08-31,13.0,19.0,2026-08-31,109.0,4.0,68.0,99.0,0.0,109.0,109.0,10.0,2026-09-12,43.8198253,7.7748827,"<a href=""https://www.giustizia.it/giustizia/page/it/dettaglio_scheda_istituto_penitenziario?s=MII180465"">Vai alla scheda istituto</a>",105.0,2.67,0.63,4.12,2.83,2.57,2.57,28.0
MII180476,San Severo,154.0,Via Emilio Dotoli n.1 - 71016 San Severo,Casa circondariale,61.0,0.0,61.0,94.0,2026-09-12,60.0,60.0,2026-08-31,10.0,10.0,2026-08-31,38.0,0.0,0.0,0.0,0.0,38.0,38.0,0.0,2026-09-12,41.6893215,15.3708272,"<a href=""https://www.giustizia.it/giustizia/page/it/dettaglio_scheda_istituto_penitenziario?s=MII180476"">Vai alla scheda istituto</a>",38.0,2.47,0.64,,,2.47,2.47,
MII180487,Santa Maria Capua Vetere,156.0,Strada Statale Appia 7 bis Km. 6+500 n. snc - 81055 Santa Maria Capua Vetere,Casa circondariale - Francesco Uccella,826.0,150.0,676.0,1056.0,2026-09-12,528.0,467.0,2026-08-31,44.0,43.0,2026-08-31,404.0,60.0,339.0,295.0,8.0,404.0,404.0,244.0,2026-09-12,41.04325675,14.23503914,"<a href=""https://www.giustizia.it/giustizia/page/it/dettaglio_scheda_istituto_penitenziario?s=MII180487"">Vai alla scheda istituto</a>",344.0,3.07,0.44,3.12,3.58,2.61,2.61,4.33
MII181079,Sant'Angelo dei Lombardi,161.0,C. da Selvatico n. SNC - 83054 Sant'Angelo dei Lombardi,"Casa di reclusione - Famiglietti, Forgetta, Bartolo",124.0,9.0,115.0,185.0,2026-09-12,86.0,81.0,2026-08-31,10.0,18.0,2026-08-31,86.0,5.0,85.0,0.0,0.0,86.0,86.0,86.0,2026-09-12,40.9101396,15.1892849,"<a href=""https://www.giustizia.it/giustizia/page/it/dettaglio_scheda_istituto_penitenziario?s=MII181079"">Vai alla scheda istituto</a>",81.0,2.28,0.44,2.18,,2.15,2.15,2.15
MII181091,Sassari,136.0,Localit&agrave; Bancali - Strada Provinciale 56 n.4 - 07100 Sassari,Casa circondariale - Giovanni Bacchiddu,458.0,3.0,455.0,617.0,2026-09-12,384.0,298.0,2026-08-31,31.0,33.0,2026-08-31,294.0,2.0,294.0,9.0,22.0,294.0,294.0,203.0,2026-09-12,40.72020106,8.55148315,"<a href=""https://www.giustizia.it/giustizia/page/it/dettaglio_scheda_istituto_penitenziario?s=MII181091"">Vai alla scheda istituto</a>",292.0,2.11,0.48,2.1,68.56,2.1,2.1,3.04
MII181109,Sciacca,105.0,Via Pietro Gerardi n.12 - 92019 Sciacca,Casa circondariale,73.0,53.0,20.0,21.0,2026-09-12,44.0,35.0,2026-08-31,11.0,13.0,2026-08-31,25.0,16.0,24.0,0.0,0.0,22.0,10.0,23.0,2026-09-12,37.5064786,13.0823323,"<a href=""https://www.giustizia.it/giustizia/page/it/dettaglio_scheda_istituto_penitenziario?s=MII181109"">Vai alla scheda istituto</a>",9.0,2.33,1.67,0.88,,0.95,2.1,0.91
MII181115,Siena,130.0,Piazza Santo Spirito n.3 - 53100 Siena,Casa circondariale,58.0,1.0,57.0,74.0,2026-09-12,49.0,42.0,2026-08-31,7.0,13.0,2026-08-31,39.0,1.0,1.0,4.0,0.0,39.0,39.0,1.0,2026-09-12,43.31814595,11.33794054,"<a href=""https://www.giustizia.it/giustizia/page/it/dettaglio_scheda_istituto_penitenziario?s=MII181115"">Vai alla scheda istituto</a>",38.0,1.95,0.57,74.0,18.5,1.9,1.9,74.0
MII181125,Siracusa,129.0,Via Monasteri n.20 - 96100  Siracusa,Casa circondariale,545.0,0.0,545.0,701.0,2026-09-12,310.0,258.0,2026-08-31,28.0,29.0,2026-08-31,245.0,0.0,219.0,19.0,2.0,245.0,245.0,245.0,2026-09-12,37.03487355,15.16261221,"<a href=""https://www.giustizia.it/giustizia/page/it/dettaglio_scheda_istituto_penitenziario?s=MII181125"">Vai alla scheda istituto</a>",245.0,2.86,0.37,3.2,36.89,2.86,2.86,2.86
MII181346,Sondrio,171.0,Via Antonio Caimi n.80 - 23100 Sondrio,Casa circondariale,26.0,2.0,24.0,41.0,2026-09-12,30.0,31.0,2026-08-31,4.0,11.0,2026-08-31,20.0,2.0,3.0,0.0,0.0,18.0,3.0,20.0,2026-09-12,46.32336235,10.25841367,"<a href=""https://www.giustizia.it/giustizia/page/it/dettaglio_scheda_istituto_penitenziario?s=MII181346"">Vai alla scheda istituto</a>",18.0,2.28,0.76,13.67,,2.28,13.67,2.05
MII181358,Spoleto,112.0,Localit&agrave; Maiano n.10 - 06049 Spoleto,Casa di reclusione,456.0,1.0,455.0,508.0,2026-09-12,296.0,257.0,2026-08-31,30.0,31.0,2026-08-31,403.0,1.0,141.0,1.0,2.0,403.0,403.0,320.0,2026-09-12,42.78113085,12.72710874,"<a href=""https://www.giustizia.it/giustizia/page/it/dettaglio_scheda_istituto_penitenziario?s=MII181358"">Vai alla scheda istituto</a>",402.0,1.26,0.51,3.6,508.0,1.26,1.26,1.59
MII181371,Sulmona,123.0,Via Lamaccio n. snc - 67039 Sulmona,Casa di reclusione,523.0,0.0,523.0,645.0,2026-09-12,274.0,249.0,2026-08-31,26.0,31.0,2026-08-31,368.0,0.0,84.0,354.0,4.0,368.0,368.0,78.0,2026-09-12,42.0685398,13.9279741,"<a href=""https://www.giustizia.it/giustizia/page/it/dettaglio_scheda_istituto_penitenziario?s=MII181371"">Vai alla scheda istituto</a>",368.0,1.75,0.39,7.68,1.82,1.75,1.75,8.27
MII181377,Taranto,201.0,Via Carmelo Magli n.1 - 74100 Taranto,Casa circondariale - Carmelo Magli,500.0,70.0,430.0,863.0,2026-09-12,349.0,334.0,2026-08-31,26.0,31.0,2026-08-31,349.0,70.0,135.0,96.0,5.0,349.0,280.0,76.0,2026-09-12,40.45574895,17.29388354,"<a href=""https://www.giustizia.it/giustizia/page/it/dettaglio_scheda_istituto_penitenziario?s=MII181377"">Vai alla scheda istituto</a>",279.0,3.09,0.39,6.39,8.99,2.47,3.08,11.36
MII181385,Tempio Pausania,110.0,Localit&agrave; Nuchis n. snc - 07029 Tempio Pausania,Casa di reclusione - Paolo Pittalis,163.0,0.0,163.0,179.0,2026-09-12,158.0,107.0,2026-08-31,13.0,19.0,2026-08-31,90.0,0.0,90.0,18.0,4.0,90.0,90.0,90.0,2026-09-12,40.8973821,9.1035159,"<a href=""https://www.giustizia.it/giustizia/page/it/dettaglio_scheda_istituto_penitenziario?s=MII181385"">Vai alla scheda istituto</a>",90.0,1.99,0.6,1.99,9.94,1.99,1.99,1.99
MII181392,Teramo,182.0,C.da Ceppata n.1 - 64100 Teramo,Casa circondariale,255.0,4.0,251.0,457.0,2026-09-12,221.0,184.0,2026-08-31,19.0,21.0,2026-08-31,239.0,4.0,11.0,26.0,1.0,239.0,5.0,4.0,2026-09-12,42.6612893,13.6983524,"<a href=""https://www.giustizia.it/giustizia/page/it/dettaglio_scheda_istituto_penitenziario?s=MII181392"">Vai alla scheda istituto</a>",235.0,1.94,0.4,41.55,17.58,1.91,91.4,114.25
MII181401,Termini Imerese,104.0,Via Zara n.28 - 90018 Termini Imerese,Casa circondariale - Antonino Burrafato,98.0,1.0,97.0,101.0,2026-09-12,93.0,78.0,2026-08-31,11.0,13.0,2026-08-31,52.0,1.0,43.0,1.0,1.0,43.0,36.0,42.0,2026-09-12,37.983651,13.695554,"<a href=""https://www.giustizia.it/giustizia/page/it/dettaglio_scheda_istituto_penitenziario?s=MII181401"">Vai alla scheda istituto</a>",51.0,1.98,0.77,2.35,101.0,2.35,2.81,2.4
MII181407,Terni,131.0,Strada delle Campore n.32 - 05100 Terni,Casa circondariale,423.0,2.0,421.0,550.0,2026-09-12,262.0,229.0,2026-08-31,25.0,26.0,2026-08-31,282.0,2.0,70.0,201.0,4.0,282.0,282.0,72.0,2026-09-12,42.5545755,12.5982445,"<a href=""https://www.giustizia.it/giustizia/page/it/dettaglio_scheda_istituto_penitenziario?s=MII181407"">Vai alla scheda istituto</a>",280.0,1.96,0.42,7.86,2.74,1.95,1.95,7.64
MII181417,Tolmezzo,116.0,Via Paluzza n.77 - 33028 Tolmezzo,Casa circondariale,148.0,0.0,148.0,171.0,2026-09-12,185.0,150.0,2026-08-31,12.0,19.0,2026-08-31,148.0,0.0,3.0,148.0,1.0,148.0,1.0,0.0,2026-09-12,46.41857068653332,13.0180531668208,"<a href=""https://www.giustizia.it/giustizia/page/it/dettaglio_scheda_istituto_penitenziario?s=MII181417"">Vai alla scheda istituto</a>",148.0,1.16,0.88,57.0,1.16,1.16,171.0,
MII181424,Torino,142.0,VIa M. Aglietta n.35 - 10151 Torino,Casa circondariale - Lorusso Cutugno,1119.0,21.0,1098.0,1554.0,2026-09-12,901.0,692.0,2026-08-31,48.0,55.0,2026-08-31,937.0,21.0,14.0,90.0,8.0,936.0,937.0,903.0,2026-09-12,45.1013372,7.6199624,"<a href=""https://www.giustizia.it/giustizia/page/it/dettaglio_scheda_istituto_penitenziario?s=MII181424"">Vai alla scheda istituto</a>",916.0,1.7,0.45,111.0,17.27,1.66,1.66,1.72
MII181434,Trani,160.0,Via Andria n 300 - 76125 Trani,Casa circondariale,447.0,150.0,297.0,475.0,2026-09-12,266.0,213.0,2026-08-31,25.0,26.0,2026-08-31,202.0,89.0,114.0,94.0,7.0,146.0,114.0,202.0,2026-09-12,41.275354,16.3959453,"<a href=""https://www.giustizia.it/giustizia/page/it/dettaglio_scheda_istituto_penitenziario?s=MII181434"">Vai alla scheda istituto</a>",113.0,4.2,0.45,4.17,5.05,3.25,4.17,2.35
MII181440,Trani femminile,122.0,Piazza Plebiscito n.18 - 76125 Trani,Casa di reclusione,32.0,0.0,32.0,39.0,2026-09-12,0.0,0.0,,0.0,0.0,,19.0,0.0,0.0,19.0,0.0,19.0,19.0,0.0,2026-09-12,41.275354,16.3959453,"<a href=""https://www.giustizia.it/giustizia/page/it/dettaglio_scheda_istituto_penitenziario?s=MII181440"">Vai alla scheda istituto</a>",19.0,2.05,0.0,,2.05,2.05,2.05,
MII181625,Trapani,120.0,Via Madonna di Fatima n.222 - 91016 Trapani,Casa circondariale - Pietro Cerulli,555.0,76.0,479.0,573.0,2026-09-12,308.0,258.0,2026-08-31,22.0,27.0,2026-08-31,233.0,38.0,159.0,71.0,10.0,205.0,165.0,187.0,2026-09-12,38.0160543,12.5437475,"<a href=""https://www.giustizia.it/giustizia/page/it/dettaglio_scheda_istituto_penitenziario?s=MII181625"">Vai alla scheda istituto</a>",195.0,2.94,0.45,3.6,8.07,2.8,3.47,3.06
MII181636,Trento,105.0,Via Cesare Beccaria n.13 - 38121 Trento,Casa circondariale - Spini di Gardolo,422.0,0.0,422.0,442.0,2026-09-12,211.0,184.0,2026-08-31,27.0,27.0,2026-08-31,170.0,0.0,170.0,170.0,13.0,170.0,170.0,163.0,2026-09-12,46.1268099,11.09424056,"<a href=""https://www.giustizia.it/giustizia/page/it/dettaglio_scheda_istituto_penitenziario?s=MII181636"">Vai alla scheda istituto</a>",170.0,2.6,0.42,2.6,2.6,2.6,2.6,2.71
MII181645,Treviso,173.0,Via Santa Bona Nuova n.5/B - 31100 Treviso,Casa circondariale,132.0,2.0,130.0,225.0,2026-09-12,159.0,127.0,2026-08-31,13.0,17.0,2026-08-31,62.0,1.0,9.0,5.0,0.0,61.0,8.0,6.0,2026-09-12,45.67301695,12.23006239,"<a href=""https://www.giustizia.it/giustizia/page/it/dettaglio_scheda_istituto_penitenziario?s=MII181645"">Vai alla scheda istituto</a>",61.0,3.69,0.56,25.0,45.0,3.69,28.12,37.5
MII181661,Trieste,186.0,Via Coroneo n. 26/28 - 34133 Trieste,Casa circondariale - Ernesto Mari,150.0,15.0,135.0,251.0,2026-09-12,160.0,123.0,2026-08-31,18.0,20.0,2026-08-31,64.0,15.0,5.0,39.0,0.0,48.0,7.0,64.0,2026-09-12,45.6556788,13.78073313,"<a href=""https://www.giustizia.it/giustizia/page/it/dettaglio_scheda_istituto_penitenziario?s=MII181661"">Vai alla scheda istituto</a>",49.0,5.12,0.49,50.2,6.44,5.23,35.86,3.92
MII181672,Udine,198.0,Via Spalato n. 30 - 33100 Udine,Casa circondariale - Antonio Santoro,89.0,5.0,84.0,166.0,2026-09-12,122.0,91.0,2026-08-31,13.0,17.0,2026-08-31,60.0,5.0,60.0,60.0,1.0,60.0,60.0,60.0,2026-09-12,46.06711525,13.24805433,"<a href=""https://www.giustizia.it/giustizia/page/it/dettaglio_scheda_istituto_penitenziario?s=MII181672"">Vai alla scheda istituto</a>",55.0,3.02,0.55,2.77,2.77,2.77,2.77,2.77
MII181678,Bari,166.0,Corso Alcide De Gasperi n.307 - 70124 Bari,Casa circondariale - Francesco Rucci,292.0,34.0,258.0,428.0,2026-09-12,324.0,271.0,2026-08-31,24.0,26.0,2026-08-31,163.0,22.0,140.0,74.0,18.0,141.0,161.0,162.0,2026-09-12,41.1257843,16.8620293,"<a href=""https://www.giustizia.it/giustizia/page/it/dettaglio_scheda_istituto_penitenziario?s=MII181678"">Vai alla scheda istituto</a>",141.0,3.04,0.63,3.06,5.78,3.04,2.66,2.64
MII181681,Turi,170.0,Piazza Aldo Moro n.4 - 70010 Turi,Casa di reclusione,108.0,0.0,108.0,184.0,2026-09-12,90.0,85.0,2026-08-31,13.0,14.0,2026-08-31,42.0,0.0,3.0,1.0,1.0,42.0,42.0,42.0,2026-09-12,40.91732385,17.01893088,"<a href=""https://www.giustizia.it/giustizia/page/it/dettaglio_scheda_istituto_penitenziario?s=MII181681"">Vai alla scheda istituto</a>",42.0,4.38,0.46,61.33,184.0,4.38,4.38,4.38
MII181691,Vallo della Lucania,152.0,A.R. Passaro n.39 - 84078  Vallo della Lucania,Casa circondariale - Alfredo Paragano,40.0,0.0,40.0,61.0,2026-09-12,21.0,33.0,2026-08-31,7.0,13.0,2026-08-31,10.0,0.0,9.0,9.0,0.0,10.0,10.0,10.0,2026-09-12,40.229704,15.26576,"<a href=""https://www.giustizia.it/giustizia/page/it/dettaglio_scheda_istituto_penitenziario?s=MII181691"">Vai alla scheda istituto</a>",10.0,6.1,0.54,6.78,6.78,6.1,6.1,6.1
MII181703,Varese,196.0,Via Felicita Morandi n.5 - 21100 Varese,Casa circondariale,53.0,0.0,53.0,104.0,2026-09-12,67.0,58.0,2026-08-31,9.0,13.0,2026-08-31,47.0,0.0,15.0,0.0,0.0,47.0,47.0,1.0,2026-09-12,45.8175359,8.8263438,"<a href=""https://www.giustizia.it/giustizia/page/it/dettaglio_scheda_istituto_penitenziario?s=MII181703"">Vai alla scheda istituto</a>",47.0,2.21,0.56,6.93,,2.21,2.21,104.0
MII181820,Vasto,76.0,Via Torre Sinello n.23 - 66054 Vasto,Casa di lavoro,197.0,2.0,195.0,149.0,2026-09-12,99.0,83.0,2026-08-31,16.0,19.0,2026-08-31,98.0,2.0,15.0,85.0,1.0,98.0,98.0,93.0,2026-09-12,42.29559582,14.44633484,"<a href=""https://www.giustizia.it/giustizia/page/it/dettaglio_scheda_istituto_penitenziario?s=MII181820"">Vai alla scheda istituto</a>",96.0,1.55,0.56,9.93,1.75,1.52,1.52,1.6
MII181839,Velletri,155.0,Via Campoleone n.97 - 00049 Velletri,Casa circondariale,412.0,26.0,386.0,599.0,2026-09-12,296.0,241.0,2026-08-31,24.0,32.0,2026-08-31,276.0,26.0,76.0,265.0,5.0,276.0,206.0,69.0,2026-09-12,41.61240705,12.73058684,"<a href=""https://www.giustizia.it/giustizia/page/it/dettaglio_scheda_istituto_penitenziario?s=MII181839"">Vai alla scheda istituto</a>",250.0,2.4,0.4,7.88,2.26,2.17,2.91,8.68
MII181847,Venezia Giudecca,96.0,S. Eufemia n.712 - 30133 Venezia,Casa di reclusione femminile,112.0,10.0,102.0,98.0,2026-09-12,135.0,114.0,2026-08-31,12.0,20.0,2026-08-31,28.0,6.0,16.0,28.0,0.0,28.0,9.0,14.0,2026-09-12,45.42608215,12.31826224,"<a href=""https://www.giustizia.it/giustizia/page/it/dettaglio_scheda_istituto_penitenziario?s=MII181847"">Vai alla scheda istituto</a>",22.0,4.45,1.16,6.12,3.5,3.5,10.89,7.0
MII181863,Venezia Santa Maria Maggiore,168.0,Santa Croce n.324 - 30135  Venezia,Casa circondariale,159.0,1.0,158.0,266.0,2026-09-12,178.0,150.0,2026-08-31,17.0,18.0,2026-08-31,86.0,1.0,86.0,86.0,1.0,86.0,86.0,86.0,2026-09-12,45.435422,12.31724323,"<a href=""https://www.giustizia.it/giustizia/page/it/dettaglio_scheda_istituto_penitenziario?s=MII181863"">Vai alla scheda istituto</a>",85.0,3.13,0.56,3.09,3.09,3.09,3.09,3.09
MII181870,Verbania,158.0,Via Giuseppe Castelli n.8 - 28922 Verbania,Casa circondariale,53.0,0.0,53.0,84.0,2026-09-12,50.0,48.0,2026-08-31,6.0,13.0,2026-08-31,37.0,0.0,34.0,5.0,1.0,37.0,37.0,35.0,2026-09-12,45.9221715,8.5516789,"<a href=""https://www.giustizia.it/giustizia/page/it/dettaglio_scheda_istituto_penitenziario?s=MII181870"">Vai alla scheda istituto</a>",37.0,2.27,0.57,2.47,16.8,2.27,2.27,2.4
MII181880,Vercelli,173.0,Strada Vicinale del Rollone n.19 - 13100 Vercelli,Casa circondariale,229.0,10.0,219.0,378.0,2026-09-12,204.0,157.0,2026-08-31,9.0,18.0,2026-08-31,193.0,9.0,31.0,19.0,0.0,193.0,193.0,193.0,2026-09-12,45.3063558,8.42909461,"<a href=""https://www.giustizia.it/giustizia/page/it/dettaglio_scheda_istituto_penitenziario?s=MII181880"">Vai alla scheda istituto</a>",184.0,2.05,0.42,12.19,19.89,1.96,1.96,1.96
MII181891,Verona,191.0,Via San Michele n.15 - 37141 Verona,Casa circondariale - Montorio,335.0,4.0,331.0,631.0,2026-09-12,351.0,292.0,2026-08-31,24.0,27.0,2026-08-31,308.0,3.0,119.0,281.0,2.0,308.0,1.0,1.0,2026-09-12,45.44345285,11.04808194,"<a href=""https://www.giustizia.it/giustizia/page/it/dettaglio_scheda_istituto_penitenziario?s=MII181891"">Vai alla scheda istituto</a>",305.0,2.07,0.46,5.3,2.25,2.05,631.0,631.0
MII181908,Vibo Valentia,111.0,Contrada Cocari n. snc - 89900 Vibo Valentia,Casa circondariale - Nuovo Complesso,406.0,133.0,273.0,304.0,2026-09-12,246.0,204.0,2026-08-31,24.0,26.0,2026-08-31,154.0,39.0,121.0,8.0,0.0,154.0,154.0,154.0,2026-09-12,38.677407,16.0924801,"<a href=""https://www.giustizia.it/giustizia/page/it/dettaglio_scheda_istituto_penitenziario?s=MII181908"">Vai alla scheda istituto</a>",115.0,2.64,0.67,2.51,38.0,1.97,1.97,1.97
MII181918,Vicenza,145.0,Via Basilio Dalla Scola n. 150 - 36100 Vicenza,Casa circondariale - Filippo Del Papa,276.0,12.0,264.0,383.0,2026-09-12,210.0,180.0,2026-08-31,15.0,20.0,2026-08-31,204.0,11.0,204.0,196.0,4.0,204.0,204.0,179.0,2026-09-12,45.5518993,11.5780075,"<a href=""https://www.giustizia.it/giustizia/page/it/dettaglio_scheda_istituto_penitenziario?s=MII181918"">Vai alla scheda istituto</a>",193.0,1.98,0.47,1.88,1.95,1.88,1.88,2.14
MII181924,Vigevano,106.0,Via Gravellona n.240 - 27029 Vigevano,Casa di reclusione,160.0,11.0,149.0,158.0,2026-09-12,240.0,186.0,2026-08-31,14.0,22.0,2026-08-31,154.0,11.0,1.0,154.0,0.0,154.0,129.0,128.0,2026-09-12,45.3211074,8.8114587,"<a href=""https://www.giustizia.it/giustizia/page/it/dettaglio_scheda_istituto_penitenziario?s=MII181924"">Vai alla scheda istituto</a>",143.0,1.1,1.18,158.0,1.03,1.03,1.22,1.23
MII181934,Viterbo,161.0,Strada SS. Salvatore n. 14/b - 01100 Viterbo,Casa circondariale  N.C.  - Nicandro Izzo,440.0,53.0,387.0,625.0,2026-09-12,350.0,292.0,2026-08-31,26.0,34.0,2026-08-31,440.0,53.0,7.0,404.0,2.0,440.0,440.0,159.0,2026-09-12,42.4525651,12.09423595,"<a href=""https://www.giustizia.it/giustizia/page/it/dettaglio_scheda_istituto_penitenziario?s=MII181934"">Vai alla scheda istituto</a>",387.0,1.61,0.47,89.29,1.55,1.42,1.42,3.93
MII182339,Reggio Emilia,134.0,Via Settembrini n.8 - 42123 Reggio Emilia,Istituti di pena - casa circondariale e di reclusione,292.0,58.0,234.0,314.0,2026-09-12,236.0,194.0,2026-08-31,23.0,22.0,2026-08-31,265.0,58.0,77.0,264.0,0.0,265.0,157.0,67.0,2026-09-12,44.6639363,10.63973152,"<a href=""https://www.giustizia.it/giustizia/page/it/dettaglio_scheda_istituto_penitenziario?s=MII182339"">Vai alla scheda istituto</a>",207.0,1.52,0.62,4.08,1.19,1.18,2.0,4.69
MII182440,Avezzano,143.0,Via San Francesco n.8 - 67051 Avezzano,Casa circondariale,53.0,0.0,53.0,76.0,2026-09-12,43.0,38.0,2026-08-31,8.0,12.0,2026-08-31,33.0,0.0,33.0,1.0,0.0,33.0,33.0,33.0,2026-09-12,42.0347963,13.4265048,"<a href=""https://www.giustizia.it/giustizia/page/it/dettaglio_scheda_istituto_penitenziario?s=MII182440"">Vai alla scheda istituto</a>",33.0,2.3,0.5,2.3,76.0,2.3,2.3,2.3
MII182910,Pavia,142.0,Via Vigentina n.85 - 27100 Pavia,Casa circondariale,515.0,0.0,515.0,730.0,2026-09-12,284.0,235.0,2026-08-31,18.0,26.0,2026-08-31,298.0,0.0,113.0,104.0,4.0,298.0,298.0,298.0,2026-09-12,45.2073703,9.17887325,"<a href=""https://www.giustizia.it/giustizia/page/it/dettaglio_scheda_istituto_penitenziario?s=MII182910"">Vai alla scheda istituto</a>",298.0,2.45,0.32,6.46,7.02,2.45,2.45,2.45
MII182919,Pisa,166.0,Via S. Giovanni Bosco n.43 - 56127 Pisa,Casa circondariale,195.0,10.0,185.0,308.0,2026-09-12,219.0,182.0,2026-08-31,19.0,20.0,2026-08-31,153.0,10.0,28.0,114.0,2.0,85.0,123.0,149.0,2026-09-12,43.71851375,10.41402939,"<a href=""https://www.giustizia.it/giustizia/page/it/dettaglio_scheda_istituto_penitenziario?s=MII182919"">Vai alla scheda istituto</a>",143.0,2.15,0.59,11.0,2.7,3.62,2.5,2.07
